,News Station,Tweet,Date,Tweets Ago,Compound Score,Positive Score,Neutral Score,Negative Score
0,CBS News,"Navy commander sentenced for role in ""Fat Leonard"" bribery scandal https://t.co/ZhrwaHeZHs https://t.co/FOsKf1v2ss",Sat Dec 02 03:00:24 +0000 2017,1,-0.4588,0.0,0.714,0.286
1,CBS News,"Comedy legend Carol Burnett is one of the funniest people ever to be on TV, but she tells @MoRocca that there is on… https://t.co/lFP3AfrHIE",Sat Dec 02 03:00:01 +0000 2017,2,0.4678,0.155,0.845,0.0
2,CBS News,"Analysis: Robert Mueller's investigation ""should make you very nervous"" if you have something to hide,… https://t.co/T7TpUuehhP",Sat Dec 02 02:40:01 +0000 2017,3,-0.3384,0.0,0.862,0.138
3,CBS News,"United Nations war crimes tribunal orders independent review of ""internal operations"" after ex-general's death… https://t.co/vjEbqBSG7b",Sat Dec 02 02:20:01 +0000 2017,4,-0.2732,0.142,0.66,0.198
4,CBS News,"Seeing potential in a Minnesota woman addicted to heroin, a drug treatment court judge helps turn her life around… https://t.co/PNJSez9Dk8",Sat Dec 02 02:00:02 +0000 2017,5,-0.1531,0.119,0.734,0.147
5,CBS News,"In an effort to prepare tourists and residents for a possible nuclear attack from North Korea, Hawaii attack sirens… https://t.co/hKQSWGBJsC",Sat Dec 02 01:40:03 +0000 2017,6,-0.7351,0.0,0.733,0.267
6,CBS News,"Senate Democrats express outrage after Republicans unveil the 479-page text of their tax overhaul, with notes scrib… https://t.co/z1ZZVBTbOq",Sat Dec 02 01:25:27 +0000 2017,7,-0.5106,0.0,0.837,0.163
7,CBS News,American Airlines says it believes it has covered all the flights that were potentially affected by a computer glit… https://t.co/uwlJolvwRr,Sat Dec 02 01:20:02 +0000 2017,8,-0.1531,0.0,0.918,0.082
8,CBS News,"DCCC chairman calls for Rep. Ruben Kihuen, accused in report of propositioning former staffer for dates and sex, to… https://t.co/4m9BHfcoqI",Sat Dec 02 01:00:02 +0000 2017,9,-0.296,0.0,0.896,0.104
9,CBS News,Former National Security Agency employee pleaded guilty Friday to keeping top secret U.S. defense material at his h… https://t.co/mMIUh5skqF,Sat Dec 02 00:40:02 +0000 2017,10,0.2263,0.243,0.638,0.119
10,CBS News,"Called an ""encouraging sign"" by officials, a new government report finds HIV is being diagnosed sooner after infect… https://t.co/uSgiRDpz2m",Sat Dec 02 00:20:01 +0000 2017,11,0.5267,0.167,0.833,0.0
11,CBS News,CBS News has confirmed U.S. law enforcement officials have long suspected Michael Flynn did not engage the Russian… https://t.co/PbiBYKa2DF,Sat Dec 02 00:12:29 +0000 2017,12,-0.4471,0.0,0.812,0.188
12,CBS News,"RT @CBSEveningNews: A judge in Minnesota refused to judge a book by its cover and instead, judged by what he saw inside

Steve Hartman is @…",Sat Dec 02 00:06:00 +0000 2017,13,-0.296,0.0,0.913,0.087
13,CBS News,".@AnthonyMasonCBS: ""I thank you for your support over the past six months. Temp work is rarely such a privilege. Th… https://t.co/6Zp86jY0cO",Sat Dec 02 00:03:05 +0000 2017,14,0.4749,0.214,0.699,0.087
14,CBS News,"""Next week, we start a new chapter in the nearly 70-year history of this broadcast when my colleague Jeff Glor take… https://t.co/aMDbtO5OAT",Sat Dec 02 00:02:08 +0000 2017,15,0.0,0.0,1.0,0.0
15,CBS News,"Dogs are smarter than cats — at least, that's what a new study suggests. https://t.co/myZmQYxF0Z",Sat Dec 02 00:00:39 +0000 2017,16,0.4588,0.2,0.8,0.0
16,CBS News,"""It's no coincidence that Prince Harry and Meghan Markle chose World AIDS Day to make their first public appearance… https://t.co/v4Zmbf4AJZ",Fri Dec 01 23:48:05 +0000 2017,17,-0.296,0.0,0.896,0.104
17,CBS News,"""The report said [Charlottesville] officers failed to stand up to protect human life because some were told to stay… https://t.co/zS6ZSLidSA",Fri Dec 01 23:46:17 +0000 2017,18,-0.1779,0.109,0.753,0.138
18,CBS News,".@krisvancleave: ""Tempers flared today, months after the violence played out on the streets of Charlottesville. An… https://t.co/5QJVKjE2HN",Fri Dec 01 23:45:32 +0000 2017,19,-0.6124,0.105,0.614,0.281
19,CBS News,".@nancycordes reporting on GOP tax bill: ""It's estimated a family of four earning $75,000 a year would initially ge… https://t.co/BOW3QzBSio",Fri Dec 01 23:43:48 +0000 2017,20,0.0,0.0,1.0,0.0
20,CBS News,"Navy commander sentenced for role in ""Fat Leonard"" bribery scandal https://t.co/ZhrwaHeZHs https://t.co/FOsKf1v2ss",Sat Dec 02 03:00:24 +0000 2017,21,-0.4588,0.0,0.714,0.286
21,CBS News,"Comedy legend Carol Burnett is one of the funniest people ever to be on TV, but she tells @MoRocca that there is on… https://t.co/lFP3AfrHIE",Sat Dec 02 03:00:01 +0000 2017,22,0.4678,0.155,0.845,0.0
22,CBS News,"Analysis: Robert Mueller's investigation ""should make you very nervous"" if you have something to hide,… https://t.co/T7TpUuehhP",Sat Dec 02 02:40:01 +0000 2017,23,-0.3384,0.0,0.862,0.138
23,CBS News,"United Nations war crimes tribunal orders independent review of ""internal operations"" after ex-general's death… https://t.co/vjEbqBSG7b",Sat Dec 02 02:20:01 +0000 2017,24,-0.2732,0.142,0.66,0.198
24,CBS News,"Seeing potential in a Minnesota woman addicted to heroin, a drug treatment court judge helps turn her life around… https://t.co/PNJSez9Dk8",Sat Dec 02 02:00:02 +0000 2017,25,-0.1531,0.119,0.734,0.147
25,CBS News,"In an effort to prepare tourists and residents for a possible nuclear attack from North Korea, Hawaii attack sirens… https://t.co/hKQSWGBJsC",Sat Dec 02 01:40:03 +0000 2017,26,-0.7351,0.0,0.733,0.267
26,CBS News,"Senate Democrats express outrage after Republicans unveil the 479-page text of their tax overhaul, with notes scrib… https://t.co/z1ZZVBTbOq",Sat Dec 02 01:25:27 +0000 2017,27,-0.5106,0.0,0.837,0.163
27,CBS News,American Airlines says it believes it has covered all the flights that were potentially affected by a computer glit… https://t.co/uwlJolvwRr,Sat Dec 02 01:20:02 +0000 2017,28,-0.1531,0.0,0.918,0.082
28,CBS News,"DCCC chairman calls for Rep. Ruben Kihuen, accused in report of propositioning former staffer for dates and sex, to… https://t.co/4m9BHfcoqI",Sat Dec 02 01:00:02 +0000 2017,29,-0.296,0.0,0.896,0.104
29,CBS News,Former National Security Agency employee pleaded guilty Friday to keeping top secret U.S. defense material at his h… https://t.co/mMIUh5skqF,Sat Dec 02 00:40:02 +0000 2017,30,0.2263,0.243,0.638,0.119
30,CBS News,"Called an ""encouraging sign"" by officials, a new government report finds HIV is being diagnosed sooner after infect… https://t.co/uSgiRDpz2m",Sat Dec 02 00:20:01 +0000 2017,31,0.5267,0.167,0.833,0.0
31,CBS News,CBS News has confirmed U.S. law enforcement officials have long suspected Michael Flynn did not engage the Russian… https://t.co/PbiBYKa2DF,Sat Dec 02 00:12:29 +0000 2017,32,-0.4471,0.0,0.812,0.188
32,CBS News,"RT @CBSEveningNews: A judge in Minnesota refused to judge a book by its cover and instead, judged by what he saw inside

Steve Hartman is @…",Sat Dec 02 00:06:00 +0000 2017,33,-0.296,0.0,0.913,0.087
33,CBS News,".@AnthonyMasonCBS: ""I thank you for your support over the past six months. Temp work is rarely such a privilege. Th… https://t.co/6Zp86jY0cO",Sat Dec 02 00:03:05 +0000 2017,34,0.4749,0.214,0.699,0.087
34,CBS News,"""Next week, we start a new chapter in the nearly 70-year history of this broadcast when my colleague Jeff Glor take… https://t.co/aMDbtO5OAT",Sat Dec 02 00:02:08 +0000 2017,35,0.0,0.0,1.0,0.0
35,CBS News,"Dogs are smarter than cats — at least, that's what a new study suggests. https://t.co/myZmQYxF0Z",Sat Dec 02 00:00:39 +0000 2017,36,0.4588,0.2,0.8,0.0
36,CBS News,"""It's no coincidence that Prince Harry and Meghan Markle chose World AIDS Day to make their first public appearance… https://t.co/v4Zmbf4AJZ",Fri Dec 01 23:48:05 +0000 2017,37,-0.296,0.0,0.896,0.104
37,CBS News,"""The report said [Charlottesville] officers failed to stand up to protect human life because some were told to stay… https://t.co/zS6ZSLidSA",Fri Dec 01 23:46:17 +0000 2017,38,-0.1779,0.109,0.753,0.138
38,CBS News,".@krisvancleave: ""Tempers flared today, months after the violence played out on the streets of Charlottesville. An… https://t.co/5QJVKjE2HN",Fri Dec 01 23:45:32 +0000 2017,39,-0.6124,0.105,0.614,0.281
39,CBS News,".@nancycordes reporting on GOP tax bill: ""It's estimated a family of four earning $75,000 a year would initially ge… https://t.co/BOW3QzBSio",Fri Dec 01 23:43:48 +0000 2017,40,0.0,0.0,1.0,0.0
40,CBS News,RT @CBSEveningNews: Senate Republicans have spent the day writing and re-writing the massive tax bill. When the vote will happen--and all t…,Fri Dec 01 23:42:29 +0000 2017,41,0.0,0.0,1.0,0.0
41,CBS News,".@PaulaReidCBS: ""This ability that Robert Mueller has to keep his cards really close to the vest, that should reall… https://t.co/vhC9jDoUW9",Fri Dec 01 23:41:04 +0000 2017,42,0.3182,0.108,0.892,0.0
42,CBS News,".@MajorCBS: ""In the context of so many transition and White House denials about dealings with Russia, today's court… https://t.co/F5IqYX9ktC",Fri Dec 01 23:38:39 +0000 2017,43,0.0,0.0,1.0,0.0
43,CBS News,"CBS News has learned Flynn was directed to make the first call by President Trump's son-in-law, Jared Kushner, desc… https://t.co/DxjlB3Gn2k",Fri Dec 01 23:35:19 +0000 2017,44,0.0,0.0,1.0,0.0
44,CBS News,"""Michael Flynn arrived at the courthouse this morning to plead guilty to making false statements to the F.B.I. Once… https://t.co/Eg3Kzhzu0S",Fri Dec 01 23:33:59 +0000 2017,45,-0.4215,0.0,0.872,0.128
45,CBS News,"RT @CBSEveningNews: We’re on the air in the East. @AnthonyMasonCBS is live from Studio 57 in NYC. 
Thanks for being with us #RealReporting…",Fri Dec 01 23:31:00 +0000 2017,46,0.4404,0.116,0.884,0.0
46,CBS News,"Thieves steal ""tens of thousands of dollars"" in toys, clothes and construction tools from Salvation Army warehouse… https://t.co/9i3bufnsuK",Fri Dec 01 23:25:01 +0000 2017,47,-0.7579,0.0,0.711,0.289
47,CBS News,@CBSNews MORE: Three sources with knowledge of the situation tell CBS News Jared Kushner was the “very senior” offi… https://t.co/8coLzJ1Eb4,Fri Dec 01 23:10:32 +0000 2017,48,0.0,0.0,1.0,0.0
48,CBS News,A former Oklahoma state senator accused of engaging in child prostitution and pornography pleads guilty to child se… https://t.co/kjKT2rReJM,Fri Dec 01 23:10:01 +0000 2017,49,-0.3818,0.107,0.67,0.223
49,CBS News,NEW: Three sources with knowledge of the situation tell CBS News K.T. McFarland was the “senior official” on the Pr… https://t.co/rQ2ZkqMbmo,Fri Dec 01 23:05:19 +0000 2017,50,0.0,0.0,1.0,0.0
50,CBS News,"In memo to staffers, NBC News chief says network's legal and human resources leaders investigating Matt Lauer's ""ap… https://t.co/8I1D7n5iB5",Fri Dec 01 22:50:01 +0000 2017,51,0.128,0.077,0.923,0.0
51,CBS News,"NEW: Rep. Susan Collins says, ""after securing significant changes,"" she will support the GOP tax reform bill… https://t.co/PL7kh85pfi",Fri Dec 01 22:39:34 +0000 2017,52,0.7003,0.312,0.688,0.0
52,CBS News,"JUST IN: Jared Kushner identified as the ""very senior"" Trump transition official who directed Michael Flynn to cont… https://t.co/7IrdphNBJB",Fri Dec 01 22:20:01 +0000 2017,53,0.0,0.0,1.0,0.0
53,CBS News,"NEW: Missing Florida teen Caitlyn Frisina, who ran away with her former high school soccer coach, has been ""located… https://t.co/en7FjSKLVG",Fri Dec 01 22:12:01 +0000 2017,54,-0.296,0.0,0.896,0.104
54,CBS News,"""It don't feel right...."" The father of missing 3-year-old Mariah Woods said he doesn't believe his daughter was ab… https://t.co/yMH3WymAU0",Fri Dec 01 22:10:37 +0000 2017,55,-0.296,0.0,0.896,0.104
55,CBS News,"""This is my senator. She will NOT sell you out to the telecom lobby."" Reddit's front page is being flooded with pos… https://t.co/BymtBcH0D6",Fri Dec 01 21:51:05 +0000 2017,56,0.0,0.0,1.0,0.0
56,CBS News,White House hangs massive red bow from the front portico to recognize World AIDS Day https://t.co/C5xZzbngBJ https://t.co/evwOAIpR1V,Fri Dec 01 21:45:02 +0000 2017,57,0.0,0.0,1.0,0.0
57,CBS News,"In breaking nondisclosure agreements, accusers face legal risks while helping to start a national discussion about… https://t.co/G07KtTyxaQ",Fri Dec 01 21:27:30 +0000 2017,58,0.4019,0.291,0.603,0.106
58,CBS News,"NEW: Dept. of Justice has filed an arrest warrant for Jose Garcia Zarate, the man acquitted of murder in Kate Stein… https://t.co/fxrl8ACVc4",Fri Dec 01 21:11:00 +0000 2017,59,-0.4019,0.177,0.59,0.233
59,CBS News,"Federal prosecutors want to seize millions of dollars worth of assets belonging to Martin Shkreli, including a Wu-T… https://t.co/fjoLWfktFx",Fri Dec 01 20:52:59 +0000 2017,60,0.4404,0.246,0.754,0.0
60,CBS News,"Hecklers outside of the courthouse where Michael Flynn pleaded guilty to lying to the FBI yelled, “Lock him up! Loc… https://t.co/PkItnGtUlF",Fri Dec 01 20:30:41 +0000 2017,61,-0.7574,0.0,0.745,0.255
61,CBS News,New images taken by a European satellite show levels of air pollution around the world: https://t.co/Bb3Z8XhbhP https://t.co/70qp9eitne,Fri Dec 01 20:10:01 +0000 2017,62,0.0,0.0,1.0,0.0
62,CBS News,Florida State football coach Jimbo Fisher is resigning to take the head coaching job at Texas A&amp;M:… https://t.co/UaKt3eahCN,Fri Dec 01 19:55:01 +0000 2017,63,-0.2263,0.0,0.899,0.101
63,CBS News,"NOW: Lawyer for Rep. John Conyers speaks as House colleagues call on him to resign; ""he is indicating he has not se… https://t.co/ZwLiS3stah",Fri Dec 01 19:45:59 +0000 2017,64,-0.34,0.0,0.902,0.098
64,CBS News,Indicted ex-Baltimore cop allegedly set up slain officer into discovering cache of heroin he planted during a 2010… https://t.co/CXwah789cy,Fri Dec 01 19:40:01 +0000 2017,65,-0.4939,0.0,0.842,0.158
65,CBS News,Tesla has switched on the world's biggest lithium-ion battery in South Australia. Here's what you need to know. https://t.co/DVAh6tiYkN,Fri Dec 01 19:25:32 +0000 2017,66,0.0,0.0,1.0,0.0
66,CBS News,Rep. Blake Farenthold is the only sitting House member since 2013 to have used a little-known congressional account… https://t.co/s7S0Ffwdyu,Fri Dec 01 19:06:31 +0000 2017,67,0.0,0.0,1.0,0.0
67,CBS News,"""Frankly, virtually every one of my Republican colleagues acknowledges Russian intervention. The one individual tha… https://t.co/wEuhdbWiJn",Fri Dec 01 18:56:46 +0000 2017,68,0.0,0.0,1.0,0.0
68,CBS News,"""This investigation is going to continue in its bipartisan fashion and we're going to get the job done,"" Sen. Mark… https://t.co/51tVZcZ9RM",Fri Dec 01 18:55:13 +0000 2017,69,0.0,0.0,1.0,0.0
69,CBS News,"""My hope is that General Flynn will tell everything he knows and tell why he was having these contacts with Russian… https://t.co/SXErFyBwiK",Fri Dec 01 18:54:03 +0000 2017,70,0.4404,0.121,0.879,0.0
70,CBS News,"“We’ve got more facts to gather,” Sen. Mark Warner says on Michael Flynn's guilty plea. “How many more figures have… https://t.co/AlUzsPXFfX",Fri Dec 01 18:52:31 +0000 2017,71,-0.4215,0.0,0.877,0.123
71,CBS News,"Authorities say they've arrested and charged a man for threatening to kill Rep. John Katko, R-N.Y., and his family… https://t.co/XGqeYpiaka",Fri Dec 01 18:40:01 +0000 2017,72,-0.9186,0.0,0.536,0.464
72,CBS News,NCAA slaps Ole Miss football program with a two-year postseason ban and other penalties: https://t.co/qx8mo0Blzz https://t.co/pfkEgWZqj8,Fri Dec 01 18:25:02 +0000 2017,73,-0.6369,0.0,0.714,0.286
73,CBS News,"""The frightening thing is this guy was the national security adviser of the United States,"" says Sen. Tim Kaine in… https://t.co/iciL7JpvDk",Fri Dec 01 18:10:44 +0000 2017,74,0.25,0.197,0.682,0.121
74,CBS News,"@CBSNews MORE: Rep. Blake Farenthold, R-Texas, says in statement that he can neither confirm nor deny 2014 sexual h… https://t.co/iaTAu52XHX",Fri Dec 01 18:02:33 +0000 2017,75,-0.1942,0.0,0.915,0.085
75,CBS News,"NEW: ""Flynn’s lies to the FBI are especially significant because they were made at a time when he was serving as Pr… https://t.co/SjDB7faURe",Fri Dec 01 18:02:04 +0000 2017,76,-0.1796,0.084,0.803,0.112
76,CBS News,"NEW: Rep. Blake Farenthold, R-Texas, used taxpayer funds to settle a sexual harassment claim with his communication… https://t.co/VFKnmgFcat",Fri Dec 01 17:58:58 +0000 2017,77,-0.5423,0.0,0.821,0.179
77,CBS News,"NEW: ""Disturbingly, Flynn is the fourth top Trump campaign official to be charged in connection with the Russia inv… https://t.co/38jqSSqJFz",Fri Dec 01 17:42:01 +0000 2017,78,0.0,0.083,0.833,0.083
78,CBS News,"Investigators ""always felt [Michael Flynn] was being advised or encouraged to make those contacts"" with Russians,… https://t.co/9IMfa5hcDd",Fri Dec 01 17:36:54 +0000 2017,79,0.3612,0.135,0.865,0.0
79,CBS News,"""One thing that comes out with with this plea agreement is how hyper-focused investigators are on Flynn during the… https://t.co/xER4fZHysD",Fri Dec 01 17:31:50 +0000 2017,80,0.4939,0.144,0.856,0.0
80,CBS News,"There is no specific mention of the president in plea deal documents at this point, @PaulaReidCBS reports… https://t.co/Qbv5WMkXNM",Fri Dec 01 17:27:15 +0000 2017,81,-0.296,0.0,0.885,0.115
81,CBS News,"Michael Flynn is expected to testify that before he met with the Russian ambassador, he personally spoke with the s… https://t.co/0M2p8ZA2RL",Fri Dec 01 17:24:15 +0000 2017,82,0.0,0.0,1.0,0.0
82,CBS News,SPECIAL REPORT: Michael Flynn says he is cooperating with special counsel Robert Mueller following his guilty plea… https://t.co/DPz5XbREqE,Fri Dec 01 17:21:08 +0000 2017,83,0.516,0.256,0.627,0.117
83,CBS News,NEW: U.S. law enforcement officials have long suspected Michael Flynn did not engage with then-Russian Ambassador t… https://t.co/QqRAMnGsBN,Fri Dec 01 17:14:51 +0000 2017,84,-0.4471,0.0,0.803,0.197
84,CBS News,"WATCH: Michael Flynn, who just plead guilty to lying to the FBI, is seen leaving the federal courthouse in D.C.… https://t.co/7QsDys84Nw",Fri Dec 01 16:48:21 +0000 2017,85,-0.7351,0.0,0.754,0.246
85,CBS News,"""Nothing about the guilty plea or the charge implicates anyone other than Mr. Flynn,"" Trump attorney Ty Cobb says i… https://t.co/eIXW6jb1mD",Fri Dec 01 16:45:42 +0000 2017,86,-0.0516,0.107,0.779,0.115
86,CBS News,"NEW: ""It has been extraordinarily painful to endure these many months of false accusations of 'treason' and other o… https://t.co/qkcLmHms7C",Fri Dec 01 16:37:38 +0000 2017,87,-0.6369,0.0,0.776,0.224
87,CBS News,U.S. stock market starts to tumble upon news that Michael Flynn has plead guilty to lying to the FBI… https://t.co/D1Lwy5WL29,Fri Dec 01 16:34:08 +0000 2017,88,-0.7351,0.0,0.744,0.256
88,CBS News,"JUST IN: Michael Flynn, former national security adviser to Pres. Trump, pleads guilty to making false statements t… https://t.co/Zzxg3QdcWl",Fri Dec 01 16:20:01 +0000 2017,89,-0.1027,0.108,0.766,0.126
89,CBS News,"Michael Flynn ""will get the benefit of a fair legal process he was unwilling to accord to anybody else,"" Sen. Tim K… https://t.co/KOyQz32J55",Fri Dec 01 16:09:54 +0000 2017,90,0.7003,0.264,0.736,0.0
90,CBS News,"White House says verdict in Kate Steinle case ""underscores the danger to public safety when our Nation fails to enf… https://t.co/FInX7prw7t",Fri Dec 01 16:02:04 +0000 2017,91,-0.4215,0.159,0.616,0.225
91,CBS News,"Secretary of State Rex Tillerson says the notion that the White House wants him to resign is ""laughable""… https://t.co/V40N0wrm5b",Fri Dec 01 15:46:32 +0000 2017,92,-0.34,0.0,0.882,0.118
92,CBS News,"WATCH: Michael Flynn arrives at federal courthouse in Washington, D.C., ahead of scheduled appearance; Flynn ignore… https://t.co/8lrlQGa9EQ",Fri Dec 01 15:24:57 +0000 2017,93,0.0,0.0,1.0,0.0
93,CBS News,Michael Flynn is the first Trump administration official — and the fourth connected to the campaign — to be charged… https://t.co/ADWJ27SrfR,Fri Dec 01 15:21:33 +0000 2017,94,0.0,0.0,1.0,0.0
94,CBS News,"The White House will not be issuing a comment on Michael Flynn’s reported guilty plea, @jaxalemany reports… https://t.co/FoBMS8exIn",Fri Dec 01 15:09:22 +0000 2017,95,-0.4215,0.0,0.851,0.149
95,CBS News,LOOK: Michael Flynn's plea document submitted to the court by the special counsel; Flynn is expected to appear in c… https://t.co/zctO4cm5hw,Fri Dec 01 15:00:40 +0000 2017,96,0.4019,0.119,0.881,0.0
96,CBS News,"""This is an incredible, significant development -- one that I think the White House has been fearing and probably p… https://t.co/HT8FqE3IJS",Fri Dec 01 14:40:46 +0000 2017,97,-0.4404,0.077,0.766,0.157
97,CBS News,Michael Flynn to plead guilty to lying to FBI; Flynn will appear in a DC federal court for a plea hearing Friday mo… https://t.co/pl2Shvf8va,Fri Dec 01 14:32:01 +0000 2017,98,-0.7351,0.0,0.763,0.237
98,CBS News,Mike Flynn's attorneys had stopped sharing information with the White House and certain witnesses who were expected… https://t.co/Gvp3XXMg0r,Fri Dec 01 14:29:19 +0000 2017,99,0.4588,0.225,0.688,0.087
99,CBS News,"MORE: Michael Flynn turned himself in to the FBI Friday morning. He was processed, charged, and is now headed to fe… https://t.co/DwK1CIl3wU",Fri Dec 01 14:25:56 +0000 2017,100,-0.2023,0.0,0.921,0.079
100,Fox News,Rosenberg on Kate Steinle verdict: I find it reprehensible that [Dems] are worried about DACA recipients. The worst… https://t.co/tMs6BpAisw,Sat Dec 02 03:14:35 +0000 2017,1,-0.1531,0.081,0.808,0.111
101,Fox News,Nevada Democratic rep faces calls to resign over sexual harassment claim https://t.co/8wLmu8r11g,Sat Dec 02 03:03:45 +0000 2017,2,-0.7096,0.0,0.629,0.371
102,Fox News,"Thomas Homan, Acting Director of Immigration And Customs Enforcement (ICE), gave a statement in the wake of the not… https://t.co/kkPgKCQWXd",Sat Dec 02 02:52:39 +0000 2017,3,0.0,0.0,1.0,0.0
103,Fox News,.@SheriffClarke: “Push is going to have to come to shove for the United States Department of Justice. There are fed… https://t.co/iRXGMRJw6A,Sat Dec 02 02:50:33 +0000 2017,4,0.7351,0.246,0.754,0.0
104,Fox News,".@SheriffClarke on immigration reform: “The only elected official in Washington, D.C. who understands that this is… https://t.co/3xYW8j6Ldt",Sat Dec 02 02:40:29 +0000 2017,5,0.0,0.0,1.0,0.0
105,Fox News,"Mary Ann Mendoza: “Americans are kidding themselves if they don’t think that we need a wall, and we need a secure b… https://t.co/4m5iMVTXhd",Sat Dec 02 02:34:44 +0000 2017,6,0.4215,0.167,0.833,0.0
106,Fox News,".@davidwebbshow on open borders: ""These liberal policies will bring this country down."" #Hannity https://t.co/R3UpV2aXuK",Sat Dec 02 02:29:49 +0000 2017,7,0.0,0.0,1.0,0.0
107,Fox News,"Rep. King 'Sickened' by Steinle Verdict, Pledges to Fight 'Every Form' of Amnesty https://t.co/lsGx9o5l03",Sat Dec 02 02:11:22 +0000 2017,8,-0.25,0.099,0.741,0.16
108,Fox News,Legal experts split on what Flynn guilty plea means for Team #Trump https://t.co/0x9QYWsmxi,Sat Dec 02 01:55:55 +0000 2017,9,-0.3182,0.098,0.719,0.183
109,Fox News,"RT @FoxBusiness: Ford sues John Cena for selling $500,000 GT supercar, violating contract https://t.co/3kaTVUBzyv https://t.co/T15lpytAps",Sat Dec 02 01:54:55 +0000 2017,10,-0.1697,0.147,0.672,0.181
110,Fox News,"AG Sessions on sanctuary cities: ""We are doing everything possible to get these cities to reverse these policies.""… https://t.co/AsJ0ezGFgz",Sat Dec 02 01:43:31 +0000 2017,11,0.0,0.0,1.0,0.0
111,Fox News,"""Bob Mueller's task is to find the facts and take them wherever they may lead. Where they may lead may be no place.… https://t.co/8BnBcSaLKy",Sat Dec 02 01:23:03 +0000 2017,12,-0.296,0.0,0.913,0.087
112,Fox News,".@TuckerCarlson: ""If investigators can prove that the Trump campaign worked with Vladimir Putin in order to steal t… https://t.co/wns8GtfzjU",Sat Dec 02 01:18:13 +0000 2017,13,-0.4939,0.0,0.849,0.151
113,Fox News,TUNE IN NOW: Attorney General Jeff Sessions joins @TuckerCarlson on Fox News Channel. #Tucker https://t.co/9AFdZ6hpYh,Sat Dec 02 01:09:05 +0000 2017,14,0.0,0.0,1.0,0.0
114,Fox News,Hawaii tests nuclear warning sirens due to North Korea threat https://t.co/dDzBhViYIR https://t.co/kLwZ5ZCpuf,Sat Dec 02 00:50:53 +0000 2017,15,-0.7003,0.0,0.633,0.367
115,Fox News,"Marc Short: “The tax cuts generate growth, and we need that growth to actually pay for our national security needs.… https://t.co/i76sippQZL",Sat Dec 02 00:46:52 +0000 2017,16,0.6124,0.279,0.588,0.132
116,Fox News,"Marc Short: “The corporate rate reduction helps to increase growth, helps to increase employment, and helps to incr… https://t.co/SRdhP2Ayyl",Sat Dec 02 00:37:45 +0000 2017,17,0.9186,0.536,0.464,0.0
117,Fox News,"Marc Short: “Other countries have lowered their tax rates, which is why so many companies have relocated overseas,… https://t.co/TEzZyHgHhi",Sat Dec 02 00:37:05 +0000 2017,18,-0.128,0.0,0.923,0.077
118,Fox News,"Ex-NSA employee admits he kept top secret information at home
 https://t.co/N6urx5jlVN",Sat Dec 02 00:36:38 +0000 2017,19,0.4588,0.308,0.692,0.0
119,Fox News,Mexican man deported from US 20 times gets 35 years for assaults on women https://t.co/7odgKP4hUL,Sat Dec 02 00:26:39 +0000 2017,20,-0.5423,0.0,0.8,0.2
120,Fox News,Rosenberg on Kate Steinle verdict: I find it reprehensible that [Dems] are worried about DACA recipients. The worst… https://t.co/tMs6BpAisw,Sat Dec 02 03:14:35 +0000 2017,21,-0.1531,0.081,0.808,0.111
121,Fox News,Nevada Democratic rep faces calls to resign over sexual harassment claim https://t.co/8wLmu8r11g,Sat Dec 02 03:03:45 +0000 2017,22,-0.7096,0.0,0.629,0.371
122,Fox News,"Thomas Homan, Acting Director of Immigration And Customs Enforcement (ICE), gave a statement in the wake of the not… https://t.co/kkPgKCQWXd",Sat Dec 02 02:52:39 +0000 2017,23,0.0,0.0,1.0,0.0
123,Fox News,.@SheriffClarke: “Push is going to have to come to shove for the United States Department of Justice. There are fed… https://t.co/iRXGMRJw6A,Sat Dec 02 02:50:33 +0000 2017,24,0.7351,0.246,0.754,0.0
124,Fox News,".@SheriffClarke on immigration reform: “The only elected official in Washington, D.C. who understands that this is… https://t.co/3xYW8j6Ldt",Sat Dec 02 02:40:29 +0000 2017,25,0.0,0.0,1.0,0.0
125,Fox News,"Mary Ann Mendoza: “Americans are kidding themselves if they don’t think that we need a wall, and we need a secure b… https://t.co/4m5iMVTXhd",Sat Dec 02 02:34:44 +0000 2017,26,0.4215,0.167,0.833,0.0
126,Fox News,".@davidwebbshow on open borders: ""These liberal policies will bring this country down."" #Hannity https://t.co/R3UpV2aXuK",Sat Dec 02 02:29:49 +0000 2017,27,0.0,0.0,1.0,0.0
127,Fox News,"Rep. King 'Sickened' by Steinle Verdict, Pledges to Fight 'Every Form' of Amnesty https://t.co/lsGx9o5l03",Sat Dec 02 02:11:22 +0000 2017,28,-0.25,0.099,0.741,0.16
128,Fox News,Legal experts split on what Flynn guilty plea means for Team #Trump https://t.co/0x9QYWsmxi,Sat Dec 02 01:55:55 +0000 2017,29,-0.3182,0.098,0.719,0.183
129,Fox News,"RT @FoxBusiness: Ford sues John Cena for selling $500,000 GT supercar, violating contract https://t.co/3kaTVUBzyv https://t.co/T15lpytAps",Sat Dec 02 01:54:55 +0000 2017,30,-0.1697,0.147,0.672,0.181
130,Fox News,"AG Sessions on sanctuary cities: ""We are doing everything possible to get these cities to reverse these policies.""… https://t.co/AsJ0ezGFgz",Sat Dec 02 01:43:31 +0000 2017,31,0.0,0.0,1.0,0.0
131,Fox News,"""Bob Mueller's task is to find the facts and take them wherever they may lead. Where they may lead may be no place.… https://t.co/8BnBcSaLKy",Sat Dec 02 01:23:03 +0000 2017,32,-0.296,0.0,0.913,0.087
132,Fox News,".@TuckerCarlson: ""If investigators can prove that the Trump campaign worked with Vladimir Putin in order to steal t… https://t.co/wns8GtfzjU",Sat Dec 02 01:18:13 +0000 2017,33,-0.4939,0.0,0.849,0.151
133,Fox News,TUNE IN NOW: Attorney General Jeff Sessions joins @TuckerCarlson on Fox News Channel. #Tucker https://t.co/9AFdZ6hpYh,Sat Dec 02 01:09:05 +0000 2017,34,0.0,0.0,1.0,0.0
134,Fox News,Hawaii tests nuclear warning sirens due to North Korea threat https://t.co/dDzBhViYIR https://t.co/kLwZ5ZCpuf,Sat Dec 02 00:50:53 +0000 2017,35,-0.7003,0.0,0.633,0.367
135,Fox News,"Marc Short: “The tax cuts generate growth, and we need that growth to actually pay for our national security needs.… https://t.co/i76sippQZL",Sat Dec 02 00:46:52 +0000 2017,36,0.6124,0.279,0.588,0.132
136,Fox News,"Marc Short: “The corporate rate reduction helps to increase growth, helps to increase employment, and helps to incr… https://t.co/SRdhP2Ayyl",Sat Dec 02 00:37:45 +0000 2017,37,0.9186,0.536,0.464,0.0
137,Fox News,"Marc Short: “Other countries have lowered their tax rates, which is why so many companies have relocated overseas,… https://t.co/TEzZyHgHhi",Sat Dec 02 00:37:05 +0000 2017,38,-0.128,0.0,0.923,0.077
138,Fox News,"Ex-NSA employee admits he kept top secret information at home
 https://t.co/N6urx5jlVN",Sat Dec 02 00:36:38 +0000 2017,39,0.4588,0.308,0.692,0.0
139,Fox News,Mexican man deported from US 20 times gets 35 years for assaults on women https://t.co/7odgKP4hUL,Sat Dec 02 00:26:39 +0000 2017,40,-0.5423,0.0,0.8,0.2
140,Fox News,Judge Nap: How Flynn Plea Deal Could Lead to 'Constitutional Crisis' https://t.co/linN0fEwKV,Sat Dec 02 00:17:28 +0000 2017,41,-0.6249,0.0,0.728,0.272
141,Fox News,".@jpaceDC: ""What we've seen happen with the Mueller investigation is that it has tentacles everywhere. And part of… https://t.co/UKyXXSq1lm",Sat Dec 02 00:09:18 +0000 2017,42,0.0,0.0,1.0,0.0
142,Fox News,"Baltimore records 319th homicide of year, surpassing 2016 https://t.co/prb1ftMGtV",Sat Dec 02 00:02:30 +0000 2017,43,0.0,0.0,1.0,0.0
143,Fox News,".@AmericanAir, pilots reach deal to avert holiday flight cancellations https://t.co/IsedWVtWJ5",Fri Dec 01 23:45:01 +0000 2017,44,0.2732,0.304,0.56,0.136
144,Fox News,"RT @MikeEmanuelFox: Senate GOP leaders say they have the votes to pass the tax bill - from #SpecialReport tonight:

https://t.co/2gh6XkGrwc",Fri Dec 01 23:41:17 +0000 2017,45,0.0,0.0,1.0,0.0
145,Fox News,"Two more arrested in brutal MS-13 murder where victim was maimed, decapitated https://t.co/SOGiMKKkVd",Fri Dec 01 23:34:00 +0000 2017,46,-0.9388,0.0,0.382,0.618
146,Fox News,VOLCANO SUNSET IN BALI: Officials have told people to evacuate the area near Mount Agung as it spews ash into the a… https://t.co/i7sMfVTq5H,Fri Dec 01 23:23:00 +0000 2017,47,0.0,0.0,1.0,0.0
147,Fox News,Zodiac Killer: Detectives hope DNA will unlock murderer's ID at last https://t.co/se9eJLDhUV,Fri Dec 01 23:12:00 +0000 2017,48,-0.34,0.169,0.581,0.25
148,Fox News,Hawaii tests nuclear warning sirens due to North Korea threat https://t.co/RLRe31wcCr,Fri Dec 01 23:02:44 +0000 2017,49,-0.7003,0.0,0.608,0.392
149,Fox News,OPINION: Charles Wald: US doesn't need Qatar air base if Qatar won't support our fight against terrorism https://t.co/DVlVvCDjLd,Fri Dec 01 22:58:59 +0000 2017,50,-0.6882,0.091,0.624,0.285
150,Fox News,"Kate Steinle murder case explained, from Trump's comments to DOJ arrest warrant https://t.co/qZRSqk07If",Fri Dec 01 22:54:22 +0000 2017,51,-0.7964,0.0,0.608,0.392
151,Fox News,".@Richardafowler on Senate tax bill: ""I do think that this bill is missing how you deal with the middle class and e… https://t.co/xnoHuKBQgN",Fri Dec 01 22:51:44 +0000 2017,52,-0.296,0.0,0.909,0.091
152,Fox News,".@RCamposDuffy on border security: ""I do think [@realDonaldTrump] is the one person who actually can make immigrati… https://t.co/8GbADc8iLe",Fri Dec 01 22:45:09 +0000 2017,53,0.34,0.124,0.876,0.0
153,Fox News,RT @FoxBusiness: LIVE coverage of the Reagan National Defense Forum! As the North Korea threat intensifies is America prepared and can we p…,Fri Dec 01 22:42:02 +0000 2017,54,-0.3164,0.127,0.746,0.127
154,Fox News,".@TuckerCarlson: ""Democrats have made no meaningful effort to win [former Democratic voters] over. Instead they hav… https://t.co/O5qOVq4eyR",Fri Dec 01 22:41:47 +0000 2017,55,0.5994,0.274,0.628,0.099
155,Fox News,.@Judgenap: How Flynn Plea Deal Could Lead to 'Constitutional Crisis' https://t.co/linN0fEwKV,Fri Dec 01 22:33:47 +0000 2017,56,-0.6249,0.0,0.709,0.291
156,Fox News,".@Richardafowler on Kate Steinle verdict: ""[Jose Zarate] does not represent the 11-million individuals who come to… https://t.co/arktNXmhvW",Fri Dec 01 22:30:03 +0000 2017,57,0.1531,0.091,0.909,0.0
157,Fox News,".@RCamposDuffy on Kate Steinle verdict: ""Hispanics still want to live in a country that's safe, still want to live… https://t.co/7iCyYr2QJ1",Fri Dec 01 22:27:07 +0000 2017,58,0.6249,0.321,0.679,0.0
158,Fox News,Here are the Republican senators to watch on tax reform https://t.co/HDp09V9za3,Fri Dec 01 22:20:03 +0000 2017,59,0.0,0.0,1.0,0.0
159,Fox News,DOJ files arrest warrant for illegal immigrant acquitted in Kate Steinle case https://t.co/41PlQKJuQg,Fri Dec 01 22:14:49 +0000 2017,60,-0.6124,0.111,0.556,0.333
160,Fox News,"Law enforcement errors inflamed Charlottesville violence, report says https://t.co/YRFMlFlI9x",Fri Dec 01 22:14:36 +0000 2017,61,-0.836,0.0,0.403,0.597
161,Fox News,"Al Franken under growing pressure to resign as groping claims mount, critics cite double standard - via… https://t.co/p5fYEiHvoX",Fri Dec 01 22:05:39 +0000 2017,62,-0.6249,0.079,0.605,0.316
162,Fox News,"""Sanctuary cities is an alien smuggler's best friend."" —ICE Acting Director Thomas Homan on illegal immigrant who k… https://t.co/VFwJeA5IGP",Fri Dec 01 21:58:54 +0000 2017,63,0.1531,0.169,0.685,0.145
163,Fox News,"""Releasing a public safety threat back into the public: that was just wrong. It was stupid."" —ICE Acting Director T… https://t.co/UkRADrohKv",Fri Dec 01 21:52:44 +0000 2017,64,-0.5719,0.106,0.646,0.247
164,Fox News,"""He should have been in Mexico, rather than killing this young lady."" —ICE Acting Director Thomas Homan on illegal… https://t.co/ZqfSRaaHq1",Fri Dec 01 21:48:40 +0000 2017,65,-0.6597,0.0,0.812,0.188
165,Fox News,BREAKING: @TheJusticeDept files arrest warrant for illegal immigrant acquitted in Kate Steinle case https://t.co/QTYU3Ofqlq,Fri Dec 01 21:41:44 +0000 2017,66,-0.6124,0.105,0.579,0.316
166,Fox News,"""I was sickened by what I heard last night and the verdict. These sanctuary cities gotta be held accountable. This… https://t.co/KoLj1Jy16L",Fri Dec 01 21:40:47 +0000 2017,67,-0.4404,0.069,0.779,0.152
167,Fox News,".@farenthold paid $84G sexual harassment settlement with taxpayer money, report says https://t.co/OgoJwpx0MQ",Fri Dec 01 21:39:00 +0000 2017,68,-0.5423,0.0,0.759,0.241
168,Fox News,".@SenatorLankford: ""When the @FBI talked to [Michael Flynn] in January he should have given the complete facts. He… https://t.co/Ky5QDFl34V",Fri Dec 01 21:27:44 +0000 2017,69,0.0,0.0,1.0,0.0
169,Fox News,.@SenTedCruz: Flynn Guilty Plea Is 'Disappointing and Disturbing'  @dailybriefing   https://t.co/3MkpwhV3So,Fri Dec 01 21:13:14 +0000 2017,70,-0.8519,0.0,0.429,0.571
170,Fox News,Veteran's son seeking to return father's portraits of other WWII soldiers https://t.co/vIDUOvaD8N https://t.co/ZVD8iu8N1Q,Fri Dec 01 21:05:30 +0000 2017,71,0.0,0.0,1.0,0.0
171,Fox News,".@Ford sues @JohnCena for selling $500,000 GT supercar, violating contract https://t.co/mAKJYIOhCr",Fri Dec 01 21:03:44 +0000 2017,72,-0.1697,0.185,0.587,0.228
172,Fox News,.@MarkWarner on Flynn's Guilty Plea: It Goes 'Well Beyond' Lying to the @FBI #OutnumberedOT https://t.co/MUrDPFLlg6,Fri Dec 01 20:50:45 +0000 2017,73,-0.6249,0.103,0.591,0.305
173,Fox News,Shock as @Amazon delivery woman defecates on customer’s front yard while dropping off package https://t.co/tXGTU3ceow,Fri Dec 01 20:47:44 +0000 2017,74,-0.3818,0.0,0.843,0.157
174,Fox News,"JUST IN: Rex Tillerson is not leaving role as Secretary of State, @realDonaldTrump says https://t.co/j6kFI54KT8 https://t.co/9Gdq1FkhPI",Fri Dec 01 20:26:54 +0000 2017,75,0.0,0.0,1.0,0.0
175,Fox News,"Law enforcement errors inflamed Charlottesville violence, report says https://t.co/u16mnaNuET",Fri Dec 01 19:55:21 +0000 2017,76,-0.836,0.0,0.403,0.597
176,Fox News,"Moments ago, @TedCruz told @DanaPerino what he'd like to see happen in the wake of the not guilty verdict in the… https://t.co/b5wncHAWAs",Fri Dec 01 19:35:03 +0000 2017,77,0.5248,0.191,0.752,0.057
177,Fox News,Flynn pleads guilty to false-statements charge in Russia probe https://t.co/p0SmXpxgKy,Fri Dec 01 19:29:05 +0000 2017,78,-0.4215,0.0,0.763,0.237
178,Fox News,".@tedcruz: ""Today's news was disappointing and disturbing. @GenFlynn has many decades of honorable service defendin… https://t.co/WBtoQDPKIE",Fri Dec 01 19:24:59 +0000 2017,79,-0.4588,0.152,0.565,0.283
179,Fox News,".@tedcruz: ""We're on the verge of major historic tax cuts."" @dailybriefing https://t.co/WjT1NxeKtO",Fri Dec 01 19:21:17 +0000 2017,80,0.0,0.0,1.0,0.0
180,Fox News,".@tedcruz: ""The Senate should take up and pass Kate's Law."" @dailybriefing https://t.co/MR1x58Xfgk",Fri Dec 01 19:19:06 +0000 2017,81,0.0,0.0,1.0,0.0
181,Fox News,"Last night, @MichelleMalkin slammed the not guilty verdict in the Kate Steinle murder trial. https://t.co/xOwH95IJZj https://t.co/LSDPhfDFfD",Fri Dec 01 19:18:22 +0000 2017,82,-0.5875,0.109,0.605,0.286
182,Fox News,"""Our investigation is ongoing and I think what we owe the American people is all the facts."" - Sen. @MarkWarner on… https://t.co/fLYdC2aMjn",Fri Dec 01 19:14:52 +0000 2017,83,0.0,0.0,1.0,0.0
183,Fox News,"""I'm anxious to hear General Flynn's full explanation of his contacts with the Russians. Clearly, he was willing to… https://t.co/fvNsolgbkB",Fri Dec 01 19:03:57 +0000 2017,84,0.1779,0.119,0.793,0.088
184,Fox News,"""The one individual that still seems to deny that this is not a major issue is Donald Trump, and I just kind of won… https://t.co/L61oI1KWXd",Fri Dec 01 19:01:17 +0000 2017,85,-0.34,0.0,0.902,0.098
185,Fox News,"""This is a story that you can't make it up. It's still remarkable to me..."" - Sen. @MarkWarner on Russia investigat… https://t.co/i7oO2tMiRL",Fri Dec 01 18:58:14 +0000 2017,86,0.5574,0.159,0.841,0.0
186,Fox News,"""This investigation is going to continue in its bipartisan fashion, and we're going to get the job done."" - Sen.… https://t.co/YTpikHFTOQ",Fri Dec 01 18:56:19 +0000 2017,87,0.0,0.0,1.0,0.0
187,Fox News,".@prattprattpratt threatens 'potential predator' imposter, warns female fans https://t.co/qufDJl4Fu3",Fri Dec 01 18:50:19 +0000 2017,88,-0.4588,0.0,0.636,0.364
188,Fox News,"Former @FBI Director James @Comey tweeted a Bible verse regarding ""justice"" after news that former National Securit… https://t.co/NkSV5fE0Pv",Fri Dec 01 18:34:25 +0000 2017,89,0.0,0.0,1.0,0.0
189,Fox News,'Facts of Life' star Kim Fields reveals how she overcame the child star curse https://t.co/raxcUbDjS0,Fri Dec 01 18:34:22 +0000 2017,90,-0.5423,0.0,0.8,0.2
190,Fox News,".@CortesSteve: ""We are still so far away from collusion and particularly any collusion that is tied directly to… https://t.co/sAVBpyuMFE",Fri Dec 01 18:26:15 +0000 2017,91,0.0,0.0,1.0,0.0
191,Fox News,Trump lawyer Ty Cobb responds to Mike Flynn guilty plea https://t.co/QLrm6NYyRr https://t.co/J0ioOdPzGU,Fri Dec 01 18:16:17 +0000 2017,92,-0.0516,0.169,0.649,0.182
192,Fox News,Zodiac Killer: Detectives hope DNA will unlock murderer's ID at last - via @CristinaCorbin https://t.co/4OLzbsIkyR,Fri Dec 01 18:10:35 +0000 2017,93,-0.34,0.151,0.625,0.224
193,Fox News,Massive New York fire started by amateur bladesmith attempting to imitate History Channel's 'Forged in Fire' https://t.co/pG4KpOJjml,Fri Dec 01 18:08:39 +0000 2017,94,-0.5859,0.0,0.758,0.242
194,Fox News,James Comey tweets 'justice' Bible verse after Flynn pleads guilty https://t.co/Mn4a5YdOcj,Fri Dec 01 18:06:49 +0000 2017,95,-0.4215,0.0,0.781,0.219
195,Fox News,".@BillHemmer: ""Ty Cobb, the attorney, this past hour said nothing about the guilty plea or the charge implicates an… https://t.co/XDH6npWV2Q",Fri Dec 01 17:55:36 +0000 2017,96,0.6036,0.215,0.785,0.0
196,Fox News,".@LisaMarieBoothe: ""We know that the FBI was dishonest about the documents... Comey testified under oath he was tol… https://t.co/RtwZU02vco",Fri Dec 01 17:49:21 +0000 2017,97,-0.5719,0.0,0.829,0.171
197,Fox News,"Clinton-Lynch tarmac meeting report triggered FBI hunt for leaker, new emails show https://t.co/tG57VQgUVG",Fri Dec 01 17:48:20 +0000 2017,98,0.0,0.0,1.0,0.0
198,Fox News,.@WaffleHouse customer cooks own meal as staffer sleeps https://t.co/VmphZ7hyR2,Fri Dec 01 17:47:46 +0000 2017,99,0.0,0.0,1.0,0.0
199,Fox News,"Last night, @larryelder slammed the verdict in the Kate Steinle trial. https://t.co/rhrTZiyAf0",Fri Dec 01 17:40:09 +0000 2017,100,0.1531,0.127,0.873,0.0
200,CNN,Police officer adopts homeless mother's opioid-addicted newborn https://t.co/zaXJeLox7b https://t.co/5GQPG1gZ0i,Sat Dec 02 03:00:18 +0000 2017,1,0.1779,0.175,0.825,0.0
201,CNN,Former President Obama met with the Dalai Lama in India on Friday https://t.co/qnMKlOyoIk https://t.co/QRFzCQQY4n,Sat Dec 02 02:50:05 +0000 2017,2,0.0,0.0,1.0,0.0
202,CNN,A McDonald's manager who gave police a loaded gun that led to the arrest of a suspect in a series of killings in Ta… https://t.co/NUWbKkOrCw,Sat Dec 02 02:40:06 +0000 2017,3,-0.8885,0.0,0.596,0.404
203,CNN,"62 years ago, Rosa Parks stood up for civil rights by sitting down https://t.co/yDNl5AdgTd https://t.co/hmBrwwa8PJ",Sat Dec 02 02:30:06 +0000 2017,4,0.0,0.0,1.0,0.0
204,CNN,The brutal race conversation nobody wants to have https://t.co/L5imhpeKVw https://t.co/f8WmR6OphU,Sat Dec 02 02:20:01 +0000 2017,5,-0.6249,0.0,0.687,0.313
205,CNN,"Signet Jewelers, which owns Kay Jewelers, Zales and Jared The Galleria Of Jewelry, is being investigated by federal… https://t.co/UenFiTbpmZ",Sat Dec 02 02:10:04 +0000 2017,6,0.0,0.0,1.0,0.0
206,CNN,Russia investigation zeroes in on Trump inner circle | Analysis by @StCollinson https://t.co/9yLjhHp5gI https://t.co/HpLIMhdCuV,Sat Dec 02 02:00:27 +0000 2017,7,0.0,0.0,1.0,0.0
207,CNN,Flynn charge suggests arcane law is 'leverage' for special counsel investigation https://t.co/hirXKHOyyv https://t.co/nNr3Fgj61b,Sat Dec 02 01:50:04 +0000 2017,8,0.4019,0.184,0.816,0.0
208,CNN,Twitter has a new reason for why it didn't delete Trump's anti-Muslim retweets https://t.co/nTaj9LS5Cf https://t.co/lUdCAjSUPy,Sat Dec 02 01:40:03 +0000 2017,9,0.0,0.0,1.0,0.0
209,CNN,"Jared Kushner is the very senior Trump team member who told Michael Flynn to contact the Russian ambassador, source… https://t.co/u8KUAZtwPF",Sat Dec 02 01:30:07 +0000 2017,10,0.0,0.0,1.0,0.0
210,CNN,"RT @OutFrontCNN: ""Please don't say it's not that big a deal. He is now an admitted felon."" Rep. Denny Heck reacts to Michael Flynn's guilty…",Sat Dec 02 01:22:50 +0000 2017,11,0.4019,0.144,0.856,0.0
211,CNN,Breaking down Michael Flynn's lies about his Russia calls https://t.co/7sqTwPyoFf https://t.co/yhA3E7DxMQ,Sat Dec 02 01:20:10 +0000 2017,12,-0.4215,0.0,0.781,0.219
212,CNN,"""I think that Russia investigation is wearing on all of us, the President most of all,"" said a source close to Pres… https://t.co/LaAI7GvkdA",Sat Dec 02 01:10:11 +0000 2017,13,0.0,0.0,1.0,0.0
213,CNN,"American Airlines says there will be enough pilots available to cover all of its December flights, despite a schedu… https://t.co/bhZF44Nb1D",Sat Dec 02 01:00:02 +0000 2017,14,0.0,0.0,1.0,0.0
214,CNN,"Senate Republicans may vote to strengthen Obamacare short-term to win over lawmakers, even as it weakens the health… https://t.co/ZW5IsoCA2e",Sat Dec 02 00:50:04 +0000 2017,15,0.5859,0.25,0.656,0.094
215,CNN,The Senate is about to vote on a tax bill it's still writing | Analysis by @zbyronwolf https://t.co/UxxdePpBNv https://t.co/Xwz1IhCrmj,Sat Dec 02 00:40:09 +0000 2017,16,0.0,0.0,1.0,0.0
216,CNN,"As TV networks grapple with the sexual misconduct allegations lodged against their big stars, a major lingering que… https://t.co/CzkglP7PrD",Sat Dec 02 00:30:15 +0000 2017,17,0.0,0.0,1.0,0.0
217,CNN,"President Trump is expected to announce that the US recognizes Jerusalem as Israel's capital, US officials with dir… https://t.co/BsHdUCql7d",Sat Dec 02 00:20:09 +0000 2017,18,0.0,0.0,1.0,0.0
218,CNN,"Michael Flynn: From ""lock her up"" to (maybe) locked up | Analysis by @GregJKrieg https://t.co/tRZkAaTyup https://t.co/dAt2r8pq8l",Sat Dec 02 00:10:04 +0000 2017,19,0.0,0.0,1.0,0.0
219,CNN,"RT @CNNSitRoom: .@evanperez explains why Michael Flynn's plea agreement was ""an incredible deal"" https://t.co/4Hx0XH4D5t  https://t.co/Adgw…",Sat Dec 02 00:03:53 +0000 2017,20,0.4939,0.186,0.814,0.0
220,CNN,Police officer adopts homeless mother's opioid-addicted newborn https://t.co/zaXJeLox7b https://t.co/5GQPG1gZ0i,Sat Dec 02 03:00:18 +0000 2017,21,0.1779,0.175,0.825,0.0
221,CNN,Former President Obama met with the Dalai Lama in India on Friday https://t.co/qnMKlOyoIk https://t.co/QRFzCQQY4n,Sat Dec 02 02:50:05 +0000 2017,22,0.0,0.0,1.0,0.0
222,CNN,A McDonald's manager who gave police a loaded gun that led to the arrest of a suspect in a series of killings in Ta… https://t.co/NUWbKkOrCw,Sat Dec 02 02:40:06 +0000 2017,23,-0.8885,0.0,0.596,0.404
223,CNN,"62 years ago, Rosa Parks stood up for civil rights by sitting down https://t.co/yDNl5AdgTd https://t.co/hmBrwwa8PJ",Sat Dec 02 02:30:06 +0000 2017,24,0.0,0.0,1.0,0.0
224,CNN,The brutal race conversation nobody wants to have https://t.co/L5imhpeKVw https://t.co/f8WmR6OphU,Sat Dec 02 02:20:01 +0000 2017,25,-0.6249,0.0,0.687,0.313
225,CNN,"Signet Jewelers, which owns Kay Jewelers, Zales and Jared The Galleria Of Jewelry, is being investigated by federal… https://t.co/UenFiTbpmZ",Sat Dec 02 02:10:04 +0000 2017,26,0.0,0.0,1.0,0.0
226,CNN,Russia investigation zeroes in on Trump inner circle | Analysis by @StCollinson https://t.co/9yLjhHp5gI https://t.co/HpLIMhdCuV,Sat Dec 02 02:00:27 +0000 2017,27,0.0,0.0,1.0,0.0
227,CNN,Flynn charge suggests arcane law is 'leverage' for special counsel investigation https://t.co/hirXKHOyyv https://t.co/nNr3Fgj61b,Sat Dec 02 01:50:04 +0000 2017,28,0.4019,0.184,0.816,0.0
228,CNN,Twitter has a new reason for why it didn't delete Trump's anti-Muslim retweets https://t.co/nTaj9LS5Cf https://t.co/lUdCAjSUPy,Sat Dec 02 01:40:03 +0000 2017,29,0.0,0.0,1.0,0.0
229,CNN,"Jared Kushner is the very senior Trump team member who told Michael Flynn to contact the Russian ambassador, source… https://t.co/u8KUAZtwPF",Sat Dec 02 01:30:07 +0000 2017,30,0.0,0.0,1.0,0.0
230,CNN,"RT @OutFrontCNN: ""Please don't say it's not that big a deal. He is now an admitted felon."" Rep. Denny Heck reacts to Michael Flynn's guilty…",Sat Dec 02 01:22:50 +0000 2017,31,0.4019,0.144,0.856,0.0
231,CNN,Breaking down Michael Flynn's lies about his Russia calls https://t.co/7sqTwPyoFf https://t.co/yhA3E7DxMQ,Sat Dec 02 01:20:10 +0000 2017,32,-0.4215,0.0,0.781,0.219
232,CNN,"""I think that Russia investigation is wearing on all of us, the President most of all,"" said a source close to Pres… https://t.co/LaAI7GvkdA",Sat Dec 02 01:10:11 +0000 2017,33,0.0,0.0,1.0,0.0
233,CNN,"American Airlines says there will be enough pilots available to cover all of its December flights, despite a schedu… https://t.co/bhZF44Nb1D",Sat Dec 02 01:00:02 +0000 2017,34,0.0,0.0,1.0,0.0
234,CNN,"Senate Republicans may vote to strengthen Obamacare short-term to win over lawmakers, even as it weakens the health… https://t.co/ZW5IsoCA2e",Sat Dec 02 00:50:04 +0000 2017,35,0.5859,0.25,0.656,0.094
235,CNN,The Senate is about to vote on a tax bill it's still writing | Analysis by @zbyronwolf https://t.co/UxxdePpBNv https://t.co/Xwz1IhCrmj,Sat Dec 02 00:40:09 +0000 2017,36,0.0,0.0,1.0,0.0
236,CNN,"As TV networks grapple with the sexual misconduct allegations lodged against their big stars, a major lingering que… https://t.co/CzkglP7PrD",Sat Dec 02 00:30:15 +0000 2017,37,0.0,0.0,1.0,0.0
237,CNN,"President Trump is expected to announce that the US recognizes Jerusalem as Israel's capital, US officials with dir… https://t.co/BsHdUCql7d",Sat Dec 02 00:20:09 +0000 2017,38,0.0,0.0,1.0,0.0
238,CNN,"Michael Flynn: From ""lock her up"" to (maybe) locked up | Analysis by @GregJKrieg https://t.co/tRZkAaTyup https://t.co/dAt2r8pq8l",Sat Dec 02 00:10:04 +0000 2017,39,0.0,0.0,1.0,0.0
239,CNN,"RT @CNNSitRoom: .@evanperez explains why Michael Flynn's plea agreement was ""an incredible deal"" https://t.co/4Hx0XH4D5t  https://t.co/Adgw…",Sat Dec 02 00:03:53 +0000 2017,40,0.4939,0.186,0.814,0.0
240,CNN,Join hosts @andersoncooper &amp; @KellyRipa in just a few weeks to honor all this year's Top 10 #CNNHeroes! Vote now at… https://t.co/RUGXYixw0G,Sat Dec 02 00:02:03 +0000 2017,41,0.7574,0.294,0.706,0.0
241,CNN,"GOP Rep. Blake Farenthold settled a sexual harassment complaint brought by an aide with taxpayer money in 2014, acc… https://t.co/PyjrxXwdr5",Fri Dec 01 23:50:05 +0000 2017,42,-0.6908,0.0,0.749,0.251
242,CNN,A former National Security Agency employee pleaded guilty Friday to taking sensitive national defense information f… https://t.co/K2S1GtJpv4,Fri Dec 01 23:40:05 +0000 2017,43,0.0258,0.198,0.66,0.142
243,CNN,German police defuse device near Christmas market outside Berlin https://t.co/r4yQdDrR5y https://t.co/ftEmTHek3O,Fri Dec 01 23:30:03 +0000 2017,44,0.0,0.0,1.0,0.0
244,CNN,A man's tattoo left doctors debating whether to save his life https://t.co/pOS6iivPYO https://t.co/0vlvW3AXEB,Fri Dec 01 23:20:06 +0000 2017,45,0.4939,0.225,0.775,0.0
245,CNN,Russian Parliament plans to ban American journalists https://t.co/9iHZZ8aAZG https://t.co/xvjzFbimgN,Fri Dec 01 23:10:07 +0000 2017,46,-0.5574,0.0,0.69,0.31
246,CNN,How President Trump has disparaged the Russia investigation https://t.co/LYHeVi4GIw https://t.co/UuGhS4kub9,Fri Dec 01 23:00:15 +0000 2017,47,-0.34,0.0,0.789,0.211
247,CNN,The court filings from former Trump national security adviser Michael Flynn's plea hearing show special counsel Rob… https://t.co/PdUDOGToCl,Fri Dec 01 22:50:04 +0000 2017,48,0.6249,0.242,0.758,0.0
248,CNN,How Kate Steinle's case became one of the biggest trials of the year https://t.co/0Ej3KkTLs0 https://t.co/VzGG65mnXj,Fri Dec 01 22:40:06 +0000 2017,49,0.0,0.0,1.0,0.0
249,CNN,"A man tried to mimic a TV stunt -- and set off a massive fire that damaged 32 buildings, displaced at least 18 peop… https://t.co/8YGM6basut",Fri Dec 01 22:30:07 +0000 2017,50,-0.6486,0.0,0.791,0.209
250,CNN,Fire risk prompts new rules for 'Smart Bags' on American Airlines flights https://t.co/IoM7dZuxgl https://t.co/yPbEq7BQPt,Fri Dec 01 22:20:08 +0000 2017,51,-0.2023,0.148,0.604,0.247
251,CNN,Geraldo Rivera apologizes to Bette Midler after she accused him earlier this week of drugging and groping her in th… https://t.co/2ObKhYtVVK,Fri Dec 01 22:10:13 +0000 2017,52,0.0772,0.105,0.802,0.093
252,CNN,Former President Obama met with the Dalai Lama in India on Friday https://t.co/nTZXw27vOe https://t.co/NijIgEjvgr,Fri Dec 01 22:00:07 +0000 2017,53,0.0,0.0,1.0,0.0
253,CNN,Exclusive: Clinton and Sanders campaign managers call tax reform a 'golden opportunity' for Dems to win 'every demo… https://t.co/U7EfAj4byO,Fri Dec 01 21:45:13 +0000 2017,54,0.7964,0.351,0.649,0.0
254,CNN,"Jared Kushner is the very senior Trump team member who told Michael Flynn to contact the Russian ambassador, source… https://t.co/uwvcD83fPu",Fri Dec 01 21:32:06 +0000 2017,55,0.0,0.0,1.0,0.0
255,CNN,"RT @TheLeadCNN: Why did Flynn lie about his conversations with the Russian ambassador?

Why has the White House told you so many lies about…",Fri Dec 01 21:25:17 +0000 2017,56,-0.4728,0.0,0.882,0.118
256,CNN,"Matt Lauer ""will not be paid past his last day of work,"" a senior NBC source says https://t.co/cl0vWESsF7 https://t.co/Oi5rUWhK6J",Fri Dec 01 21:20:07 +0000 2017,57,0.0,0.0,1.0,0.0
257,CNN,A McDonald's manager who gave police a loaded gun that led to the arrest of a suspect in a series of killings in Ta… https://t.co/N9HT3M1d4M,Fri Dec 01 21:10:07 +0000 2017,58,-0.8885,0.0,0.596,0.404
258,CNN,"You won't find studies in humans that prove chicken soup can fight a cold, but there's enough evidence to make it w… https://t.co/A7MFe3siU1",Fri Dec 01 20:59:45 +0000 2017,59,-0.2023,0.0,0.921,0.079
259,CNN,Police officer adopts homeless mother's opioid-addicted newborn https://t.co/mfIiuO1TFZ https://t.co/k9kfMHyN4H,Fri Dec 01 20:43:58 +0000 2017,60,0.1779,0.175,0.825,0.0
260,CNN,The world's biggest lithium ion battery has started delivering power in Australia. It uses wind and can power as ma… https://t.co/vYRkJn1wJo,Fri Dec 01 20:30:08 +0000 2017,61,0.0,0.0,1.0,0.0
261,CNN,"""The presence of God today is also called Rohingya"": Pope Francis referred to the Rohingya people, Myanmar's persec… https://t.co/MepSk5DUlh",Fri Dec 01 20:20:11 +0000 2017,62,0.2732,0.104,0.896,0.0
262,CNN,"Thanks to the giant advertisement that is ""Star Wars,"" Ireland's ruggedly beautiful Skellig Islands are feeling the… https://t.co/NSDfGOJefQ",Fri Dec 01 20:10:07 +0000 2017,63,0.8074,0.356,0.644,0.0
263,CNN,An independent report faults police over planning and failure to protect the public at Charlottesville rally that l… https://t.co/ZA2wkgNtzp,Fri Dec 01 20:00:16 +0000 2017,64,-0.5859,0.104,0.64,0.256
264,CNN,Here's what we've learned in court and from filings about the Michael Flynn case https://t.co/GkGiDluocv https://t.co/oVtKmJXJQ4,Fri Dec 01 19:50:05 +0000 2017,65,0.0,0.0,1.0,0.0
265,CNN,Hillary Clinton and Bernie Sanders campaign managers call tax reform a 'golden opportunity' for Democrats to win 'e… https://t.co/hwaRou1MSi,Fri Dec 01 19:41:07 +0000 2017,66,0.765,0.292,0.708,0.0
266,CNN,The market had a slight panic attack on the news that Michael Flynn may testify against President Trump. But it did… https://t.co/ETZfY2HQSS,Fri Dec 01 19:33:43 +0000 2017,67,-0.7506,0.0,0.748,0.252
267,CNN,"Shortly after former Trump national security adviser Michael Flynn pleaded guilty to lying to the FBI, former FBI D… https://t.co/6sb09NCGYD",Fri Dec 01 19:21:06 +0000 2017,68,-0.5859,0.094,0.664,0.242
268,CNN,"Sen. Mark Warner, the top Democrat on the Senate Intelligence Committee, says Michael Flynn was obviously in a ""gre… https://t.co/JmoL0m0FWB",Fri Dec 01 19:11:32 +0000 2017,69,0.5994,0.224,0.776,0.0
269,CNN,German police defuse device near Christmas market outside Berlin https://t.co/1VmCuGDJBu https://t.co/HxBFrZlIld,Fri Dec 01 19:00:17 +0000 2017,70,0.0,0.0,1.0,0.0
270,CNN,"RT @CNNPolitics: Sen. Mark Warner, the top Democrat on the Senate intel committee, says the Trump team ""can't distance themselves"" from Mic…",Fri Dec 01 18:55:11 +0000 2017,71,0.2023,0.079,0.921,0.0
271,CNN,"62 years ago, Rosa Parks stood up for civil rights by sitting down https://t.co/biQ5JYg89Q https://t.co/XCcL4AparB",Fri Dec 01 18:45:12 +0000 2017,72,0.0,0.0,1.0,0.0
272,CNN,"The Justice Department is considering bringing federal charges against Jose Ines Garcia Zarate, the man found not g… https://t.co/JgGRCmJMVy",Fri Dec 01 18:34:06 +0000 2017,73,0.3182,0.151,0.756,0.093
273,CNN,"RT @CNNPolitics: CNN's @jimsciutto: In your view, has the President lied about his team's communications with Russia?

Schiff: ""Abundantly…",Fri Dec 01 18:29:23 +0000 2017,74,-0.3818,0.0,0.874,0.126
274,CNN,"Rep. Adam Schiff calls Flynn's guilty plea ""breathtaking,"" says this is ""the chief adviser to the President in term… https://t.co/QlNvfdMLP2",Fri Dec 01 18:20:23 +0000 2017,75,-0.4215,0.0,0.872,0.128
275,CNN,Lawmakers say panel investigating Michigan Democratic Rep. John Conyers not known for speed https://t.co/4cqQT7IKyv https://t.co/PUX5k3N3di,Fri Dec 01 18:16:05 +0000 2017,76,0.0,0.0,1.0,0.0
276,CNN,"White House chief of staff John Kelly soured on Rex Tillerson after the Secretary of State's ""moron"" comment… https://t.co/rLl6sn2Qia",Fri Dec 01 18:04:04 +0000 2017,77,0.0,0.0,1.0,0.0
277,CNN,"If this proposed bill becomes law, executives could face jail time for not reporting data breaches in a timely mann… https://t.co/B5ujPJrS2i",Fri Dec 01 17:52:04 +0000 2017,78,0.0,0.0,1.0,0.0
278,CNN,"With Sen. Jeff Flake's newly announced support, Senate Republicans have the votes to pass their tax plan… https://t.co/3sVrOQIfJi",Fri Dec 01 17:33:09 +0000 2017,79,0.4019,0.137,0.863,0.0
279,CNN,"Nobel laureate Joseph Stiglitz says bitcoin ""ought to be outlawed"" https://t.co/9sO0qa6ys3",Fri Dec 01 17:12:02 +0000 2017,80,0.0,0.0,1.0,0.0
280,CNN,Former Trump national security adviser Michael Flynn disclosed that he is cooperating with Special Counsel Mueller'… https://t.co/Pxidtiq701,Fri Dec 01 16:56:01 +0000 2017,81,0.6249,0.254,0.746,0.0
281,CNN,RT @CNNPolitics: WATCH: Michael Flynn departs the courthouse after pleading guilty to lying to the FBI about conversations with Russia’s am…,Fri Dec 01 16:50:07 +0000 2017,82,-0.7351,0.0,0.754,0.246
282,CNN,"White House Lawyer Ty Cobb: ""Nothing about the guilty plea or the charge implicates anyone other than Mr. Flynn."" https://t.co/bl70IulW98",Fri Dec 01 16:47:03 +0000 2017,83,-0.0516,0.111,0.769,0.12
283,CNN,BREAKING: Michael Flynn pleads guilty to making false statements to the FBI https://t.co/ur4KDLWjIs https://t.co/soQgF5Akto,Fri Dec 01 16:28:57 +0000 2017,84,-0.4215,0.0,0.823,0.177
284,CNN,RT @CNNPolitics: All the times President Trump has insulted North Korea https://t.co/K44j17nmFx https://t.co/WIzDglf4kv,Fri Dec 01 16:21:45 +0000 2017,85,-0.5106,0.0,0.784,0.216
285,CNN,"Chicago police tout 14% homicide drop, and concede there's more to do https://t.co/8uEIT4o7j4",Fri Dec 01 16:15:05 +0000 2017,86,-0.3818,0.0,0.753,0.247
286,CNN,RT @CNNPolitics: The Department of Justice may bring charges against the man found not guilty in Kate Steinle's murder https://t.co/9Mzlzst…,Fri Dec 01 16:08:29 +0000 2017,87,-0.2658,0.201,0.561,0.238
287,CNN,The updated docket describes this court proceeding as a “plea agreement” hearing. Flynn is expected to plead guilty… https://t.co/k0C0BuBHSv,Fri Dec 01 15:26:11 +0000 2017,88,0.0,0.0,1.0,0.0
288,CNN,JUST IN: Michael Flynn arrives at the US District Courthouse in Washington. His hearing is scheduled for 10:30 a.m.… https://t.co/S7PusClOvF,Fri Dec 01 15:25:45 +0000 2017,89,0.0,0.0,1.0,0.0
289,CNN,Here's a look back at Michael Flynn's short stint as Trump's security adviser https://t.co/iBogd873XV https://t.co/GYfHlvtcZ1,Fri Dec 01 15:08:56 +0000 2017,90,0.34,0.156,0.844,0.0
290,CNN,Flynn was a key campaign surrogate and adviser during Trump's presidential campaign. He was tapped as Trump's natio… https://t.co/5WxM5D6rSN,Fri Dec 01 15:05:05 +0000 2017,91,0.0,0.0,1.0,0.0
291,CNN,Here's what you need to know about Michael Flynn: https://t.co/wwHiOiSaPx https://t.co/NQDO8oQmUJ,Fri Dec 01 15:04:06 +0000 2017,92,0.0,0.0,1.0,0.0
292,CNN,"JUST IN: Michael Flynn is expected to plead guilty to the charge of ""willfully and knowingly"" making ""false, fictit… https://t.co/F9m0YxWXsK",Fri Dec 01 14:46:26 +0000 2017,93,-0.4215,0.0,0.872,0.128
293,CNN,"Michael Flynn is due to appear in court later Friday morning, a court spokesperson said. The White House declined t… https://t.co/Pf0I0eI5N6",Fri Dec 01 14:43:04 +0000 2017,94,0.0,0.0,1.0,0.0
294,CNN,Flynn is the first Trump admin official and the fourth connected to the campaign to be charged as part of Mueller's… https://t.co/acVUJbK1oC,Fri Dec 01 14:39:15 +0000 2017,95,-0.2023,0.0,0.921,0.079
295,CNN,"Special counsel Robert Mueller has charged former Trump national security adviser Michael Flynn with ""willfully and… https://t.co/4ZNqaBeZWt",Fri Dec 01 14:34:13 +0000 2017,96,0.5106,0.244,0.67,0.086
296,CNN,The world's biggest lithium ion battery has started delivering power in Australia. It uses wind and can power as ma… https://t.co/ol4As0kyiB,Fri Dec 01 14:20:53 +0000 2017,97,0.0,0.0,1.0,0.0
297,CNN,BREAKING: Michael Flynn charged with making false statement to FBI https://t.co/nwAMpHZanh https://t.co/qo1Zv2TrrU,Fri Dec 01 14:19:31 +0000 2017,98,-0.2023,0.0,0.859,0.141
298,CNN,"""The presence of God today is also called Rohingya"": Pope Francis referred to the Rohingya people, Myanmar's persec… https://t.co/SrwjKL2dKQ",Fri Dec 01 13:53:42 +0000 2017,99,0.2732,0.104,0.896,0.0
299,CNN,Police officer adopts homeless mother's opioid-addicted newborn https://t.co/JmARTqRf8D https://t.co/xPO5Q9qudU,Fri Dec 01 13:38:30 +0000 2017,100,0.1779,0.175,0.825,0.0
300,BBC News (UK),Murderer William Kerr arrested after absconding from prison https://t.co/Jd0x6rbl5c,Sat Dec 02 02:36:05 +0000 2017,1,-0.9001,0.0,0.353,0.647
301,BBC News (UK),Five Northampton cat deaths linked to 'Croydon cat killer' probe https://t.co/0HG27KdQMD,Sat Dec 02 02:22:06 +0000 2017,2,-0.6486,0.0,0.699,0.301
302,BBC News (UK),Murderer William Kerr absconds from HMP Hollesley Bay https://t.co/4fREPvM2Kr,Sat Dec 02 01:20:51 +0000 2017,3,-0.6808,0.0,0.635,0.365
303,BBC News (UK),My brain 'exploded' after kick in the head https://t.co/i4VSEqGRxL,Sat Dec 02 01:05:54 +0000 2017,4,0.0,0.0,1.0,0.0
304,BBC News (UK),Pupils' diaries convict Hampshire sex assault teacher https://t.co/VNcF6cDJcY,Sat Dec 02 01:05:54 +0000 2017,5,-0.5859,0.0,0.648,0.352
305,BBC News (UK),Minister calls for minimum banking services guarantee https://t.co/FOd505qJDU,Sat Dec 02 01:02:22 +0000 2017,6,0.25,0.222,0.778,0.0
306,BBC News (UK),How much of your salary is spent on rent? https://t.co/Be73VnTgOH,Fri Dec 01 23:54:29 +0000 2017,7,0.0,0.0,1.0,0.0
307,BBC News (UK),Woman arrested after toddler found alone in Wigan https://t.co/FYaIq5uTX8,Fri Dec 01 23:50:33 +0000 2017,8,-0.6249,0.0,0.579,0.421
308,BBC News (UK),"Saturday's Times: ""Cabinet split over Green after police porn claims"" #tomorrowspaperstoday #BBCpapers (via… https://t.co/AlosgmD4Xy",Fri Dec 01 22:34:03 +0000 2017,9,0.0,0.0,1.0,0.0
309,BBC News (UK),"Saturday's Daily Star: ""Murder on the dancefloor"" #tomorrowspaperstoday #BBCpapers (via @hendopolis) https://t.co/KCpP3eOKrT",Fri Dec 01 22:14:59 +0000 2017,10,-0.6908,0.0,0.701,0.299
310,BBC News (UK),"Saturday's Daily Telegraph: ""Trump aide turns informer in Russia case"" #tomorrowspaperstoday #BBCpapers (via… https://t.co/tO6AJTr0p0",Fri Dec 01 22:14:54 +0000 2017,11,0.0,0.0,1.0,0.0
311,BBC News (UK),"Saturday's Sun: ""Mega star!"" #tomorrowspaperstoday #BBCpapers (via @hendopolis) https://t.co/Pso8PxvKmW",Fri Dec 01 22:14:54 +0000 2017,12,0.0,0.0,1.0,0.0
312,BBC News (UK),"Saturday's Daily Mirror: ""The minister for porn"" #tomorrowspaperstoday #BBCpapers (via @hendopolis) https://t.co/tspV9KaKMQ",Fri Dec 01 22:14:49 +0000 2017,13,0.0,0.0,1.0,0.0
313,BBC News (UK),Kaspersky Labs: Warning over Russian anti-virus software https://t.co/G1t6ShDKYD,Fri Dec 01 22:10:39 +0000 2017,14,-0.34,0.0,0.745,0.255
314,BBC News (UK),RT @BBCSport: ?? “The World Cup draw: a very English reaction” https://t.co/iYCNNnUo2K,Fri Dec 01 22:01:08 +0000 2017,15,0.0,0.0,1.0,0.0
315,BBC News (UK),"RT @BBCSport: FT AFC Fylde 1-1 Wigan

Both teams are still in the hat and in with a chance of landing a draw against the big boys in the th…",Fri Dec 01 22:00:47 +0000 2017,16,0.25,0.069,0.931,0.0
316,BBC News (UK),"RT @BBCSportWales: FT: #CardiffCity 3-1 Norwich 

The Bluebirds close the gap to leaders Wolverhampton Wanderers to just a point thanks to…",Fri Dec 01 22:00:43 +0000 2017,17,0.4404,0.132,0.868,0.0
317,BBC News (UK),"RT @BBCSport: FT Leeds 1-1 Aston Villa 

Henri Lansbury earns #AVFC a point against #LUFC in an even game at Elland Road https://t.co/xYzkq…",Fri Dec 01 22:00:37 +0000 2017,18,0.0,0.0,1.0,0.0
318,BBC News (UK),"Saturday's Daily Mail: ""Tories at war with the police"" #tomorrowspaperstoday #BBCpapers (via @hendopolis) https://t.co/CHBtQEuIsx",Fri Dec 01 21:52:28 +0000 2017,19,-0.5994,0.0,0.769,0.231
319,BBC News (UK),"Saturday's i weekend: ""Davis threat to quit if deputy PM is fired over porn"" #tomorrowspaperstoday #BBCpapers (via… https://t.co/Pl2D7PPP5s",Fri Dec 01 21:52:24 +0000 2017,20,-0.7906,0.0,0.682,0.318
320,BBC News (UK),Murderer William Kerr arrested after absconding from prison https://t.co/Jd0x6rbl5c,Sat Dec 02 02:36:05 +0000 2017,21,-0.9001,0.0,0.353,0.647
321,BBC News (UK),Five Northampton cat deaths linked to 'Croydon cat killer' probe https://t.co/0HG27KdQMD,Sat Dec 02 02:22:06 +0000 2017,22,-0.6486,0.0,0.699,0.301
322,BBC News (UK),Murderer William Kerr absconds from HMP Hollesley Bay https://t.co/4fREPvM2Kr,Sat Dec 02 01:20:51 +0000 2017,23,-0.6808,0.0,0.635,0.365
323,BBC News (UK),My brain 'exploded' after kick in the head https://t.co/i4VSEqGRxL,Sat Dec 02 01:05:54 +0000 2017,24,0.0,0.0,1.0,0.0
324,BBC News (UK),Pupils' diaries convict Hampshire sex assault teacher https://t.co/VNcF6cDJcY,Sat Dec 02 01:05:54 +0000 2017,25,-0.5859,0.0,0.648,0.352
325,BBC News (UK),Minister calls for minimum banking services guarantee https://t.co/FOd505qJDU,Sat Dec 02 01:02:22 +0000 2017,26,0.25,0.222,0.778,0.0
326,BBC News (UK),How much of your salary is spent on rent? https://t.co/Be73VnTgOH,Fri Dec 01 23:54:29 +0000 2017,27,0.0,0.0,1.0,0.0
327,BBC News (UK),Woman arrested after toddler found alone in Wigan https://t.co/FYaIq5uTX8,Fri Dec 01 23:50:33 +0000 2017,28,-0.6249,0.0,0.579,0.421
328,BBC News (UK),"Saturday's Times: ""Cabinet split over Green after police porn claims"" #tomorrowspaperstoday #BBCpapers (via… https://t.co/AlosgmD4Xy",Fri Dec 01 22:34:03 +0000 2017,29,0.0,0.0,1.0,0.0
329,BBC News (UK),"Saturday's Daily Star: ""Murder on the dancefloor"" #tomorrowspaperstoday #BBCpapers (via @hendopolis) https://t.co/KCpP3eOKrT",Fri Dec 01 22:14:59 +0000 2017,30,-0.6908,0.0,0.701,0.299
330,BBC News (UK),"Saturday's Daily Telegraph: ""Trump aide turns informer in Russia case"" #tomorrowspaperstoday #BBCpapers (via… https://t.co/tO6AJTr0p0",Fri Dec 01 22:14:54 +0000 2017,31,0.0,0.0,1.0,0.0
331,BBC News (UK),"Saturday's Sun: ""Mega star!"" #tomorrowspaperstoday #BBCpapers (via @hendopolis) https://t.co/Pso8PxvKmW",Fri Dec 01 22:14:54 +0000 2017,32,0.0,0.0,1.0,0.0
332,BBC News (UK),"Saturday's Daily Mirror: ""The minister for porn"" #tomorrowspaperstoday #BBCpapers (via @hendopolis) https://t.co/tspV9KaKMQ",Fri Dec 01 22:14:49 +0000 2017,33,0.0,0.0,1.0,0.0
333,BBC News (UK),Kaspersky Labs: Warning over Russian anti-virus software https://t.co/G1t6ShDKYD,Fri Dec 01 22:10:39 +0000 2017,34,-0.34,0.0,0.745,0.255
334,BBC News (UK),RT @BBCSport: ?? “The World Cup draw: a very English reaction” https://t.co/iYCNNnUo2K,Fri Dec 01 22:01:08 +0000 2017,35,0.0,0.0,1.0,0.0
335,BBC News (UK),"RT @BBCSport: FT AFC Fylde 1-1 Wigan

Both teams are still in the hat and in with a chance of landing a draw against the big boys in the th…",Fri Dec 01 22:00:47 +0000 2017,36,0.25,0.069,0.931,0.0
336,BBC News (UK),"RT @BBCSportWales: FT: #CardiffCity 3-1 Norwich 

The Bluebirds close the gap to leaders Wolverhampton Wanderers to just a point thanks to…",Fri Dec 01 22:00:43 +0000 2017,37,0.4404,0.132,0.868,0.0
337,BBC News (UK),"RT @BBCSport: FT Leeds 1-1 Aston Villa 

Henri Lansbury earns #AVFC a point against #LUFC in an even game at Elland Road https://t.co/xYzkq…",Fri Dec 01 22:00:37 +0000 2017,38,0.0,0.0,1.0,0.0
338,BBC News (UK),"Saturday's Daily Mail: ""Tories at war with the police"" #tomorrowspaperstoday #BBCpapers (via @hendopolis) https://t.co/CHBtQEuIsx",Fri Dec 01 21:52:28 +0000 2017,39,-0.5994,0.0,0.769,0.231
339,BBC News (UK),"Saturday's i weekend: ""Davis threat to quit if deputy PM is fired over porn"" #tomorrowspaperstoday #BBCpapers (via… https://t.co/Pl2D7PPP5s",Fri Dec 01 21:52:24 +0000 2017,40,-0.7906,0.0,0.682,0.318
340,BBC News (UK),"Saturday's Financial Times Weekend: ""Flynn pleads guilty to lying over Russian ties"" #tomorrowspaperstoday… https://t.co/VcLETDikrA",Fri Dec 01 21:52:22 +0000 2017,41,-0.7351,0.0,0.659,0.341
341,BBC News (UK),Prince Harry and Meghan Markle complete first joint public engagement since... their engagement… https://t.co/2Ohm4KHBSL,Fri Dec 01 20:57:57 +0000 2017,42,0.4588,0.188,0.812,0.0
342,BBC News (UK),Toys R Us prepares to shut 25 stores https://t.co/merUbSymON,Fri Dec 01 20:57:27 +0000 2017,43,0.0,0.0,1.0,0.0
343,BBC News (UK),RT @bbcweather: What's the #weekend got in store? The forecast for the next 48 hours squeezed into 60 seconds. Get your local detail here h…,Fri Dec 01 20:53:53 +0000 2017,44,0.0,0.0,1.0,0.0
344,BBC News (UK),"RT @BBCSteveR: Want to know more about Volgograd, where England play their opening World Cup match next June? It has one of the world's tal…",Fri Dec 01 20:06:23 +0000 2017,45,0.4019,0.139,0.861,0.0
345,BBC News (UK),"RT @BBC_HaveYourSay: ""I will have a 70-mile round trip now"" - the lengths people say they'll have to go to with bank branch closures on the…",Fri Dec 01 20:05:53 +0000 2017,46,0.0,0.0,1.0,0.0
346,BBC News (UK),'Suicide pact' trial: Natasha Gordon found guilty https://t.co/SNUs60mMRt,Fri Dec 01 20:02:31 +0000 2017,47,-0.8074,0.0,0.451,0.549
347,BBC News (UK),"RT @BBCWorld: Artist rescued after not-so-great 'escape'

https://t.co/cKQrURtq69 https://t.co/RvVwXigmkY",Fri Dec 01 19:31:53 +0000 2017,48,0.4215,0.259,0.741,0.0
348,BBC News (UK),RT @BBCBusiness: RBS is closing branches. Is your nearest one under threat? https://t.co/qvmDLB6f0W https://t.co/t1AYd5l92u,Fri Dec 01 18:37:43 +0000 2017,49,-0.5267,0.0,0.793,0.207
349,BBC News (UK),Supermarkets 'raise the price of Christmas biscuits' https://t.co/QmYmXwu7wQ,Fri Dec 01 17:49:56 +0000 2017,50,0.0,0.0,1.0,0.0
350,BBC News (UK),"Any UK offer to deal with Irish border after #Brexit must be acceptable to Ireland, EU's Donald Tusk says… https://t.co/u4QkhRddYq",Fri Dec 01 17:29:17 +0000 2017,51,0.3182,0.108,0.892,0.0
351,BBC News (UK),Brexit offer 'must be acceptable to Ireland' https://t.co/GZV3URQgd4,Fri Dec 01 17:27:37 +0000 2017,52,0.3182,0.247,0.753,0.0
352,BBC News (UK),"Irish PM says he's prepared to ""stand firm"" with EU partners if UK offer ""falls short"" on key #Brexit issues – incl… https://t.co/2S9QEcTg29",Fri Dec 01 17:15:34 +0000 2017,53,0.2263,0.083,0.917,0.0
353,BBC News (UK),SNP MP rebuked for calling Lords 'ermine vermin' https://t.co/orzcbYNMsP,Fri Dec 01 16:52:11 +0000 2017,54,0.0,0.0,1.0,0.0
354,BBC News (UK),RT @bbclaurak: Apparently in fact the PM herself does NOT have the final Green report,Fri Dec 01 16:49:53 +0000 2017,55,0.0,0.0,1.0,0.0
355,BBC News (UK),"RT @BBCSport: Fixtures ?
Times ?
Place ?

Plan your 2018 Fifa #WorldCup here ? https://t.co/ZP8c002zey #WorldCupDraw #bbcfootball https://t…",Fri Dec 01 16:31:25 +0000 2017,56,0.0,0.0,1.0,0.0
356,BBC News (UK),RT @bbclaurak: Damian Green now heading back to constituency - understand he has not seen contents of report but the PM now has it - source…,Fri Dec 01 16:31:01 +0000 2017,57,0.0,0.0,1.0,0.0
357,BBC News (UK),"World Cup draw: England play Belgium, Panama and Tunisia in Group G https://t.co/fCHlqcnS8d",Fri Dec 01 16:15:29 +0000 2017,58,0.34,0.179,0.821,0.0
358,BBC News (UK),"RT @BBCSport: Here it is - the 2018 Fifa #WorldCupDraw in full.

Live reaction ? https://t.co/XhMcEMjVJd

#bbcfootball https://t.co/0VuT9eD…",Fri Dec 01 16:14:25 +0000 2017,59,0.0,0.0,1.0,0.0
359,BBC News (UK),"RT @BBCSport: Here's how Group G looks for the 2018 Fifa World Cup.

Live reaction ? https://t.co/XhMcEMjVJd #WorldCupDraw #bbcfootball htt…",Fri Dec 01 16:03:34 +0000 2017,60,0.0,0.0,1.0,0.0
360,BBC News (UK),"RT @BBCSport: Group G

?? Belgium
??????? England

Follow live:

? @BBCTwo
? @bbc5live
? https://t.co/XhMcEMjVJd

#WorldCupDraw #bbcfootball",Fri Dec 01 15:43:39 +0000 2017,61,0.0,0.0,1.0,0.0
361,BBC News (UK),"RT @BBC_HaveYourSay: ""I can't stop laughing...this is making fun of our intelligence.""
https://t.co/7wbOXilh34",Fri Dec 01 15:43:11 +0000 2017,62,0.6355,0.32,0.68,0.0
362,BBC News (UK),"RT @BBCSport: The 2018 Fifa #WorldCupDraw is moments away ??

Follow live coverage ? https://t.co/XhMcEMjVJd

Tweet us #bbcfootball https:/…",Fri Dec 01 15:27:37 +0000 2017,63,0.0,0.0,1.0,0.0
363,BBC News (UK),"Derby Christmas tree 'exclusion zone' was 'over cautious', council says https://t.co/YbNQiAbICt",Fri Dec 01 15:26:50 +0000 2017,64,-0.296,0.0,0.82,0.18
364,BBC News (UK),"RT @BBCSport: HERE.
WE.
GO!

We're live on @BBCTwo for the #WorldCupDraw!

Watch ? https://t.co/XhMcEMjVJd https://t.co/xAHVpUO9ca",Fri Dec 01 15:01:29 +0000 2017,65,0.0,0.0,1.0,0.0
365,BBC News (UK),"RT @bbclaurak: That could mean nothing, or it could mean everything",Fri Dec 01 15:00:24 +0000 2017,66,0.0,0.0,1.0,0.0
366,BBC News (UK),"RT @bbclaurak: After allegations this morning and David Davis’ extraordinary intervention, hearing Damian Green is back in Westminster from…",Fri Dec 01 15:00:10 +0000 2017,67,0.0,0.0,1.0,0.0
367,BBC News (UK),"RT @BBCSport: The stars are arriving at the Kremlin for the #WorldCupDraw!

Our #bbcfootball live page is under way ?https://t.co/XhMcEMjVJ…",Fri Dec 01 14:49:10 +0000 2017,68,0.0,0.0,1.0,0.0
368,BBC News (UK),RT @BBCBreaking: Trump's ex-national security adviser Michael Flynn charged with making false statement to FBI in January https://t.co/Zw6t…,Fri Dec 01 14:23:06 +0000 2017,69,0.1531,0.119,0.792,0.089
369,BBC News (UK),RT @bbcweather: Plans for the #weekend? Here's how the weather's looking. Jo https://t.co/iKWJahdKmb,Fri Dec 01 14:09:53 +0000 2017,70,0.0,0.0,1.0,0.0
370,BBC News (UK),"RT @BBCSport: Pep Guardiola has been asked by the FA to explain his animated post-match discussion with Southampton's Nathan Redmond.

Read…",Fri Dec 01 14:09:23 +0000 2017,71,0.0,0.0,1.0,0.0
371,BBC News (UK),"RT @bbctms: Here are your timings for tomorrow's day/night Test @TheAdelaideOval. 

On air for Toss at 3am. 
First ball 3.30
Tea 5.30
Dinne…",Fri Dec 01 13:55:18 +0000 2017,72,0.0,0.0,1.0,0.0
372,BBC News (UK),David Davis 'warns No 10 not to sack Damian Green' https://t.co/67YkIfSwDS,Fri Dec 01 13:34:27 +0000 2017,73,-0.3818,0.0,0.714,0.286
373,BBC News (UK),"RT @BBCSport: Remember the chaos &amp; confusion at the 1982 #WorldCupDraw?

Hopefully none of this today!

Watch: https://t.co/VJvFO6J06M http…",Fri Dec 01 13:22:19 +0000 2017,74,-0.5411,0.108,0.643,0.249
374,BBC News (UK),"RT @BBCSport: Three cities have joined Birmingham to contest the right to host the 2022 Commonwealth Games.

Read more: https://t.co/KVtwy0…",Fri Dec 01 13:08:02 +0000 2017,75,0.0,0.0,1.0,0.0
375,BBC News (UK),London Olympic Stadium taken over by mayor Sadiq Khan https://t.co/s6OK85DGMa,Fri Dec 01 13:00:57 +0000 2017,76,0.0,0.0,1.0,0.0
376,BBC News (UK),RT @BBC_HaveYourSay: #AskWoody - did the US ambassador's Twitter Q&amp;A get sidetracked by Trump? https://t.co/pi4m0PECqp,Fri Dec 01 12:57:56 +0000 2017,77,0.0,0.0,1.0,0.0
377,BBC News (UK),"RT @BBCWorld: Hesitant Europeans - 36%
Contented Europeans - 23%
EU Rejecters - 14%
Frustrated Pro-Europeans - 9%
Austerity Rebels - 9%
Fed…",Fri Dec 01 12:33:03 +0000 2017,78,-0.765,0.094,0.512,0.394
378,BBC News (UK),Carl Sargeant funeral taking place in Connah's Quay https://t.co/5fpD12NhvA,Fri Dec 01 12:11:37 +0000 2017,79,-0.3612,0.0,0.762,0.238
379,BBC News (UK),David Dearlove found guilty of 1968 Paul Booth murder https://t.co/53SUalSqRp,Fri Dec 01 12:11:37 +0000 2017,80,-0.8176,0.0,0.516,0.484
380,BBC News (UK),RT @BBCDanielS: Damian Green's response today https://t.co/02ImPFqrIH,Fri Dec 01 11:54:14 +0000 2017,81,0.0,0.0,1.0,0.0
381,BBC News (UK),Airport appeal reunites toy dog with owner https://t.co/lHSGYwq2nV,Fri Dec 01 11:18:28 +0000 2017,82,0.0,0.0,1.0,0.0
382,BBC News (UK),Prince Harry and his fiancée Meghan Markle make their first joint official public engagement at #WorldAIDSDay chari… https://t.co/i6fL7CefeN,Fri Dec 01 11:15:26 +0000 2017,83,0.4588,0.15,0.85,0.0
383,BBC News (UK),"RT @DannyShawBBC: Met Police: ""As is routine, for cases of this nature, the circumstances of information being made public will be looked a…",Fri Dec 01 11:08:40 +0000 2017,84,0.0,0.0,1.0,0.0
384,BBC News (UK),"RT @DannyShawBBC: Met Police: ""Confidential information gathered during a police inquiry should not be made public.  The appropriate course…",Fri Dec 01 11:08:34 +0000 2017,85,0.0,0.0,1.0,0.0
385,BBC News (UK),RT @DannyShawBBC: Met Police has also said -  for the first time - that is co-operating with the Cabinet Office inquiry into Mr Green's con…,Fri Dec 01 11:08:27 +0000 2017,86,0.0,0.0,1.0,0.0
386,BBC News (UK),RT @DannyShawBBC: Scotland Yard is examining allegations former officer Neil Lewis disclosed confidential information about Damian Green's…,Fri Dec 01 11:08:16 +0000 2017,87,0.0,0.0,1.0,0.0
387,BBC News (UK),"RT @bbcthree: 45% of burglaries are committed by heroin and crack users. 
This is the story behind of one of them. #Drugsland https://t.co/…",Fri Dec 01 10:55:56 +0000 2017,88,-0.2732,0.08,0.798,0.122
388,BBC News (UK),"RT @VictoriaLIVE: ""They're completely worthless to anyone else, but to me they're everything""

Four years ago Victoria Milligan was in a sp…",Fri Dec 01 10:45:46 +0000 2017,89,-0.2724,0.0,0.905,0.095
389,BBC News (UK),Morrisons data leak: Supermarket liable for staff details breach https://t.co/AoG6IsMhs0,Fri Dec 01 10:31:35 +0000 2017,90,-0.34,0.0,0.789,0.211
390,BBC News (UK),"RT @bbctms: England name 12 for Adelaide Test. 

@craigoverton12 joins the XI who played at the Gabba .

So no place for @masoncrane32 

#a…",Fri Dec 01 10:24:42 +0000 2017,91,-0.024,0.093,0.811,0.096
391,BBC News (UK),"RT @VictoriaLIVE: ""People with HIV are demonised""

Jo Josh was diagnosed with HIV in 2008, she says false ideas - like it being transmitted…",Fri Dec 01 10:11:45 +0000 2017,92,0.3612,0.102,0.898,0.0
392,BBC News (UK),RT @danroan: Breaking: Newham Council announces it will ”retire” from its co-ownership of the London Olympic Stadium &amp; “accepts that its or…,Fri Dec 01 10:11:23 +0000 2017,93,0.0,0.0,1.0,0.0
393,BBC News (UK),"RT @VictoriaLIVE: 'All I could think was I can't die my daughter needs me, then a nurse told me I could live to 100.'

Jo was diagnosed wit…",Fri Dec 01 10:09:10 +0000 2017,94,0.4847,0.12,0.88,0.0
394,BBC News (UK),Labour leader calls bankers speculators and gamblers https://t.co/gsaMKWdXEp,Fri Dec 01 10:00:33 +0000 2017,95,0.0,0.0,1.0,0.0
395,BBC News (UK),RT @VictoriaLIVE: 25 years ago Darren Tunstall left his home and never came back. His mum Ann tells @danclarkneal why she believes he is st…,Fri Dec 01 09:48:49 +0000 2017,96,0.0,0.0,1.0,0.0
396,BBC News (UK),George Michael death: Ambulance staff quizzed over leaked 999 call https://t.co/5CqJlTNu57,Fri Dec 01 09:12:09 +0000 2017,97,-0.7351,0.0,0.592,0.408
397,BBC News (UK),"RT @bbcdavideades: #bbcBizLive No glittery Xmas here yet...but with warnings that glitter is bad for our environment, should we go out and…",Fri Dec 01 08:30:10 +0000 2017,98,-0.7845,0.0,0.706,0.294
398,BBC News (UK),RT @danroan: Sat down with Gareth Southgate here in Moscow last night on the eve of the World Cup draw and asked him if he'd take England r…,Fri Dec 01 08:29:48 +0000 2017,99,0.0,0.0,1.0,0.0
399,BBC News (UK),"Is it really that bad? ?

https://t.co/aUAEJu8xI1",Fri Dec 01 08:00:03 +0000 2017,100,-0.5829,0.0,0.57,0.43
400,The New York Times,RT @nytopinion: It’s hard to find a precedent for how quickly President Trump’s inner circle has become consumed by scandal. https://t.co/G…,Sat Dec 02 03:02:04 +0000 2017,1,-0.5106,0.0,0.807,0.193
401,The New York Times,American Airlines said it resolved a scheduling problem that left thousands of flights without pilots https://t.co/mACoaXwnc8,Sat Dec 02 02:47:01 +0000 2017,2,-0.25,0.098,0.747,0.155
402,The New York Times,Evening Briefing: Here's what you need to know at the end of the day https://t.co/e6eLHwpyxB,Sat Dec 02 02:31:10 +0000 2017,3,0.0,0.0,1.0,0.0
403,The New York Times,"Aaron Boone, who hit one of the most indelible home runs in Yankees history, will be the team’s next manager https://t.co/msA0MbV4Sv",Sat Dec 02 02:16:05 +0000 2017,4,0.0,0.0,1.0,0.0
404,The New York Times,"Some colleges have more students from the top 1% than the bottom 60. Find yours. https://t.co/DFVqfA1ZC9 

This was… https://t.co/j7j5KeeVi9",Sat Dec 02 02:00:24 +0000 2017,5,0.2023,0.091,0.909,0.0
405,The New York Times,"RT @BCAppelbaum: After eight years of promising fiscal rectitude and blasting the profligacy of the Obama administration, the GOP is on the…",Sat Dec 02 01:47:03 +0000 2017,6,0.4019,0.114,0.886,0.0
406,The New York Times,Officials warn that diphtheria is spreading in Yemen and will worsen unless Saudi blockade is completely lifted  https://t.co/qOYxm1L9KP,Sat Dec 02 01:32:06 +0000 2017,7,-0.5719,0.0,0.773,0.227
407,The New York Times,"Republicans, who criticized the federal debt under Obama, are pushing a tax cut that would send debt to new heights https://t.co/GWLYDWhmbX",Sat Dec 02 01:17:04 +0000 2017,8,-0.8225,0.0,0.625,0.375
408,The New York Times,Watch the full discussion between executive editor Dean Baquet and Jay-Z https://t.co/z7FpNpCpfl https://t.co/DgmuVA6cEn,Sat Dec 02 01:01:44 +0000 2017,9,0.0,0.0,1.0,0.0
409,The New York Times,2 productions of plays by Israel Horovitz have been canceled after sexual misconduct accusations https://t.co/P80KB548cC,Sat Dec 02 00:47:03 +0000 2017,10,-0.0772,0.123,0.736,0.141
410,The New York Times,Former NSA employee pleads guilty to taking classified information https://t.co/jVmoPwyx9i,Sat Dec 02 00:32:07 +0000 2017,11,-0.4215,0.0,0.763,0.237
411,The New York Times,"RT @TheSteinLine: Latest @NYTSports On Pro Basketball column: Rings, retirement and a little tennis trash talk with David Lee (@DLee042) —&gt;…",Sat Dec 02 00:17:04 +0000 2017,12,0.0,0.0,1.0,0.0
412,The New York Times,Updated timeline: What we now know about Michael Flynn’s phone calls with Russia https://t.co/Jb7fgooQ2J,Sat Dec 02 00:02:08 +0000 2017,13,0.0,0.0,1.0,0.0
413,The New York Times,Evening Briefing: Here's what you need to know at the end of the day https://t.co/3UL5ZSeXMi,Fri Dec 01 23:47:04 +0000 2017,14,0.0,0.0,1.0,0.0
414,The New York Times,"Listen to a special episode of ""The Daily"" on Michael Flynn's guilty plea https://t.co/22ObfSmUTg https://t.co/frsOTGWJP7",Fri Dec 01 23:32:12 +0000 2017,15,-0.0258,0.154,0.686,0.16
415,The New York Times,The GOP tax plan can be confusing. Here’s some help deciphering it. https://t.co/zMsazP8uaZ,Fri Dec 01 23:17:05 +0000 2017,16,0.2023,0.173,0.705,0.122
416,The New York Times,"The best TV shows and movies new to Netflix, Amazon and more in December https://t.co/lfgj6YGhSR",Fri Dec 01 23:02:07 +0000 2017,17,0.7096,0.312,0.688,0.0
417,The New York Times,"RT @nytopinion: After Flynn, are Kushner and Don Jr. next? https://t.co/YLPJER3vSL",Fri Dec 01 22:47:06 +0000 2017,18,0.0,0.0,1.0,0.0
418,The New York Times,"Taxpayers paid for a Texas lawmaker's $84,000 sexual harassment settlement, which was 1 of 6 settlements since 2013 https://t.co/WS4RWAO3tL",Fri Dec 01 22:32:02 +0000 2017,19,-0.5423,0.0,0.811,0.189
419,The New York Times,Opinion: 10 key takeaways from Michael Flynn’s guilty plea https://t.co/uKiy1Ouu5b,Fri Dec 01 22:17:04 +0000 2017,20,-0.4215,0.0,0.763,0.237
420,The New York Times,RT @nytopinion: It’s hard to find a precedent for how quickly President Trump’s inner circle has become consumed by scandal. https://t.co/G…,Sat Dec 02 03:02:04 +0000 2017,21,-0.5106,0.0,0.807,0.193
421,The New York Times,American Airlines said it resolved a scheduling problem that left thousands of flights without pilots https://t.co/mACoaXwnc8,Sat Dec 02 02:47:01 +0000 2017,22,-0.25,0.098,0.747,0.155
422,The New York Times,Evening Briefing: Here's what you need to know at the end of the day https://t.co/e6eLHwpyxB,Sat Dec 02 02:31:10 +0000 2017,23,0.0,0.0,1.0,0.0
423,The New York Times,"Aaron Boone, who hit one of the most indelible home runs in Yankees history, will be the team’s next manager https://t.co/msA0MbV4Sv",Sat Dec 02 02:16:05 +0000 2017,24,0.0,0.0,1.0,0.0
424,The New York Times,"Some colleges have more students from the top 1% than the bottom 60. Find yours. https://t.co/DFVqfA1ZC9 

This was… https://t.co/j7j5KeeVi9",Sat Dec 02 02:00:24 +0000 2017,25,0.2023,0.091,0.909,0.0
425,The New York Times,"RT @BCAppelbaum: After eight years of promising fiscal rectitude and blasting the profligacy of the Obama administration, the GOP is on the…",Sat Dec 02 01:47:03 +0000 2017,26,0.4019,0.114,0.886,0.0
426,The New York Times,Officials warn that diphtheria is spreading in Yemen and will worsen unless Saudi blockade is completely lifted  https://t.co/qOYxm1L9KP,Sat Dec 02 01:32:06 +0000 2017,27,-0.5719,0.0,0.773,0.227
427,The New York Times,"Republicans, who criticized the federal debt under Obama, are pushing a tax cut that would send debt to new heights https://t.co/GWLYDWhmbX",Sat Dec 02 01:17:04 +0000 2017,28,-0.8225,0.0,0.625,0.375
428,The New York Times,Watch the full discussion between executive editor Dean Baquet and Jay-Z https://t.co/z7FpNpCpfl https://t.co/DgmuVA6cEn,Sat Dec 02 01:01:44 +0000 2017,29,0.0,0.0,1.0,0.0
429,The New York Times,2 productions of plays by Israel Horovitz have been canceled after sexual misconduct accusations https://t.co/P80KB548cC,Sat Dec 02 00:47:03 +0000 2017,30,-0.0772,0.123,0.736,0.141
430,The New York Times,Former NSA employee pleads guilty to taking classified information https://t.co/jVmoPwyx9i,Sat Dec 02 00:32:07 +0000 2017,31,-0.4215,0.0,0.763,0.237
431,The New York Times,"RT @TheSteinLine: Latest @NYTSports On Pro Basketball column: Rings, retirement and a little tennis trash talk with David Lee (@DLee042) —&gt;…",Sat Dec 02 00:17:04 +0000 2017,32,0.0,0.0,1.0,0.0
432,The New York Times,Updated timeline: What we now know about Michael Flynn’s phone calls with Russia https://t.co/Jb7fgooQ2J,Sat Dec 02 00:02:08 +0000 2017,33,0.0,0.0,1.0,0.0
433,The New York Times,Evening Briefing: Here's what you need to know at the end of the day https://t.co/3UL5ZSeXMi,Fri Dec 01 23:47:04 +0000 2017,34,0.0,0.0,1.0,0.0
434,The New York Times,"Listen to a special episode of ""The Daily"" on Michael Flynn's guilty plea https://t.co/22ObfSmUTg https://t.co/frsOTGWJP7",Fri Dec 01 23:32:12 +0000 2017,35,-0.0258,0.154,0.686,0.16
435,The New York Times,The GOP tax plan can be confusing. Here’s some help deciphering it. https://t.co/zMsazP8uaZ,Fri Dec 01 23:17:05 +0000 2017,36,0.2023,0.173,0.705,0.122
436,The New York Times,"The best TV shows and movies new to Netflix, Amazon and more in December https://t.co/lfgj6YGhSR",Fri Dec 01 23:02:07 +0000 2017,37,0.7096,0.312,0.688,0.0
437,The New York Times,"RT @nytopinion: After Flynn, are Kushner and Don Jr. next? https://t.co/YLPJER3vSL",Fri Dec 01 22:47:06 +0000 2017,38,0.0,0.0,1.0,0.0
438,The New York Times,"Taxpayers paid for a Texas lawmaker's $84,000 sexual harassment settlement, which was 1 of 6 settlements since 2013 https://t.co/WS4RWAO3tL",Fri Dec 01 22:32:02 +0000 2017,39,-0.5423,0.0,0.811,0.189
439,The New York Times,Opinion: 10 key takeaways from Michael Flynn’s guilty plea https://t.co/uKiy1Ouu5b,Fri Dec 01 22:17:04 +0000 2017,40,-0.4215,0.0,0.763,0.237
440,The New York Times,A last hurrah at the Upright Citizens Brigade's longest-standing and most storied location https://t.co/GvF8Nt6Yz5,Fri Dec 01 22:00:22 +0000 2017,41,0.5574,0.231,0.769,0.0
441,The New York Times,FIFA has placed the 32 qualified teams for the 2018 World Cup into their first-round groups. Here's our analysis. https://t.co/K2GI0gxp2R,Fri Dec 01 21:45:05 +0000 2017,42,0.0,0.0,1.0,0.0
442,The New York Times,"""Everyone else in the family has my husband’s last name and brown eyes. Even a toddler could tell I was an outsider… https://t.co/ceJWLtA37j",Fri Dec 01 21:30:16 +0000 2017,43,0.0,0.0,1.0,0.0
443,The New York Times,Here are excerpts from Michael Flynn's court documents and what they mean https://t.co/otUIQsHvWf,Fri Dec 01 21:15:14 +0000 2017,44,0.0,0.0,1.0,0.0
444,The New York Times,These apps seek to offer the assurance that they can keep travelers safe https://t.co/gbmECg0mPH,Fri Dec 01 21:00:23 +0000 2017,45,0.6486,0.306,0.694,0.0
445,The New York Times,"Video of Libya slave-market for African migrants incites international furor. But in Europe, not so much. https://t.co/8IhZh0GaX6",Fri Dec 01 20:50:05 +0000 2017,46,0.0,0.0,1.0,0.0
446,The New York Times,What we know about the connections between Trump officials and Russia https://t.co/k3xPP8MTsi,Fri Dec 01 20:40:03 +0000 2017,47,0.0,0.0,1.0,0.0
447,The New York Times,"Breaking News: Trump denied reports that he was firing Rex Tillerson. “We work well together,” he said on Twitter. https://t.co/sr1MmredGx",Fri Dec 01 20:30:46 +0000 2017,48,-0.4939,0.086,0.697,0.217
448,The New York Times,"Senator Jeff Flake, who had been on the fence, has pledged his support for the tax bill, as have other wavering Rep… https://t.co/KbA7NjcOZA",Fri Dec 01 20:20:12 +0000 2017,49,0.2732,0.107,0.83,0.063
449,The New York Times,James Comey quoted a Bible passage about justice on Twitter just after Michael Flynn pleaded guilty https://t.co/emRNItBPA5,Fri Dec 01 20:10:08 +0000 2017,50,0.1531,0.168,0.693,0.139
450,The New York Times,We analyzed the apologies — and non-apologies — issued by high-profile men accused of sexual misconduct https://t.co/u4AedGplzZ,Fri Dec 01 20:00:24 +0000 2017,51,-0.296,0.0,0.864,0.136
451,The New York Times,"In Bangladesh, Pope Francis asked forgiveness of Rohingya Muslims. He had avoided mentioning them in Myanmar. https://t.co/byeJMC2ynQ",Fri Dec 01 19:45:10 +0000 2017,52,-0.0772,0.108,0.769,0.123
452,The New York Times,These documents raise new questions about what then President-elect Trump knew about Michael Flynn’s conversations https://t.co/2mJh9u9Z6i,Fri Dec 01 19:30:07 +0000 2017,53,0.0,0.0,1.0,0.0
453,The New York Times,"Experience the new Seven Wonders of the World, in 360° video https://t.co/IlToH6fneC",Fri Dec 01 19:15:10 +0000 2017,54,0.0,0.0,1.0,0.0
454,The New York Times,"Around the U.S., many fast-growing metropolitan areas are facing a brutal shortage of affordable places to live https://t.co/mM62Qwy5c1",Fri Dec 01 19:00:21 +0000 2017,55,-0.7269,0.0,0.711,0.289
455,The New York Times,"As a national conversation about harassment moves forward, journalistic gatekeepers are under the glare https://t.co/kMZ4V9d2cH",Fri Dec 01 18:45:10 +0000 2017,56,-0.5423,0.0,0.788,0.212
456,The New York Times,Senate Republicans made major last-minute changes to their bill that brought wavering senators on board https://t.co/4wqC8ma3VO,Fri Dec 01 18:30:03 +0000 2017,57,-0.1531,0.0,0.904,0.096
457,The New York Times,"Secretary of State Rex Tillerson called reports that the White House wants him to resign “laughable"" https://t.co/WdO2QWkDR1",Fri Dec 01 18:15:13 +0000 2017,58,-0.34,0.0,0.87,0.13
458,The New York Times,A steady voice of moderation will be lost if Trump replaces Rex Tillerson at the State Department with Mike Pompeo https://t.co/7LAOymxynV,Fri Dec 01 18:00:15 +0000 2017,59,-0.3182,0.0,0.892,0.108
459,The New York Times,A war criminal’s apparent suicide in court leaves a tribunal with one last mystery: How did he do it? https://t.co/iVgzqUIoqi,Fri Dec 01 17:50:04 +0000 2017,60,-0.8555,0.0,0.656,0.344
460,The New York Times,"RT @NYTObits: Vincent Scully, whose writings on architecture had a decisive influence in the 20th century, has died at 97 https://t.co/VwXB…",Fri Dec 01 17:40:14 +0000 2017,61,-0.4019,0.081,0.766,0.153
461,The New York Times,"The police badly mishandled an August white supremacist rally in Charlottesville, Virginia, a review found https://t.co/LFdV2KTtyo",Fri Dec 01 17:30:34 +0000 2017,62,-0.3818,0.085,0.739,0.176
462,The New York Times,"“We have the votes,” Mitch McConnell said of the GOP tax bill, promising a Senate vote later today https://t.co/qIJorR6G7K",Fri Dec 01 17:16:10 +0000 2017,63,0.4019,0.137,0.863,0.0
463,The New York Times,"Breaking News: Michael Flynn pleaded guilty to lying to the FBI and is cooperating with the Russia inquiry, bringin… https://t.co/NfnJUfwaKH",Fri Dec 01 17:06:37 +0000 2017,64,-0.7351,0.0,0.744,0.256
464,The New York Times,Read Michael Flynn's statement https://t.co/BdpebgLyX9,Fri Dec 01 17:03:30 +0000 2017,65,0.0,0.0,1.0,0.0
465,The New York Times,"Republicans say the $1.5 trillion tax bill pays for itself, but experts disagree https://t.co/kOCK3gRrS3",Fri Dec 01 16:45:12 +0000 2017,66,-0.5267,0.0,0.793,0.207
466,The New York Times,Michael Flynn pleaded guilty to lying to the FBI about a conversation with the Russian ambassador last December https://t.co/uqeOdhvPf8,Fri Dec 01 16:30:13 +0000 2017,67,-0.7351,0.0,0.721,0.279
467,The New York Times,What share of people with your income would see a tax cut or increase? Choose an income group to see. https://t.co/OAYzgDMDav,Fri Dec 01 16:15:02 +0000 2017,68,0.34,0.191,0.72,0.089
468,The New York Times,Here are the ways that the Senate tax plan differs from the House-passed legislation https://t.co/U5bIB9dVXB,Fri Dec 01 16:00:17 +0000 2017,69,0.0,0.0,1.0,0.0
469,The New York Times,Senate leaders say they have 50 votes needed to pass the tax bill https://t.co/3SmqOiU94X,Fri Dec 01 15:45:14 +0000 2017,70,0.0,0.0,1.0,0.0
470,The New York Times,"Elon Musk has turned on the world's biggest battery, capable of powering 30,000 homes in South Australia https://t.co/QSwmmPvyBx",Fri Dec 01 15:31:08 +0000 2017,71,0.3818,0.133,0.867,0.0
471,The New York Times,"Trump pressed Senate Republicans over the summer to end the Intelligence Committee's Russia inquiry ""as quickly as… https://t.co/8HmdKThMFN",Fri Dec 01 15:15:12 +0000 2017,72,0.4767,0.154,0.846,0.0
472,The New York Times,"Here's our Nov. 23 article that reported Michael Flynn had cut off ties with President Trump’s lawyers, a sign that… https://t.co/dDJPznIUmq",Fri Dec 01 15:11:38 +0000 2017,73,-0.2732,0.0,0.9,0.1
473,The New York Times,See the charges against Michael Flynn https://t.co/cLSK3zkDI5,Fri Dec 01 15:10:37 +0000 2017,74,-0.2732,0.0,0.741,0.259
474,The New York Times,Morning Briefing: Here's what you need to know to start your day https://t.co/i9r6e8XftX https://t.co/Mc4tDjE3Di,Fri Dec 01 15:00:49 +0000 2017,75,0.0,0.0,1.0,0.0
475,The New York Times,The 2018 World Cup draw is taking place in Moscow. Live updates: https://t.co/Imt2rtY0Ke,Fri Dec 01 14:51:04 +0000 2017,76,0.0,0.0,1.0,0.0
476,The New York Times,Correction: Michael Flynn has been charged with lying to the FBI and is expected to plead guilty. He has not entere… https://t.co/SpTCtwGAul,Fri Dec 01 14:49:31 +0000 2017,77,-0.7906,0.0,0.704,0.296
477,The New York Times,A former U.S. Marine was sentenced to life in prison for the rape and murder of a 20-year-old Japanese woman https://t.co/NsRblh2ncT,Fri Dec 01 14:40:03 +0000 2017,78,-0.93,0.0,0.521,0.479
478,The New York Times,"The plea is the latest indication that Flynn is cooperating with the special counsel's investigation
https://t.co/izjNNdyuhK",Fri Dec 01 14:33:19 +0000 2017,79,0.4019,0.153,0.847,0.0
479,The New York Times,Welcome to Pterosaur Park https://t.co/OFeQIitsj5,Fri Dec 01 14:31:06 +0000 2017,80,0.4588,0.429,0.571,0.0
480,The New York Times,"Breaking News: President Trump's ex-national security adviser, Michael Flynn, pleaded guilty to lying to the FBI ab… https://t.co/femVJfKXM5",Fri Dec 01 14:23:37 +0000 2017,81,-0.5859,0.102,0.636,0.263
481,The New York Times,When our trusted storytellers are also the abusers https://t.co/laQNxm3E0B,Fri Dec 01 14:21:03 +0000 2017,82,-0.128,0.226,0.511,0.263
482,The New York Times,"The Malibu Diner has a speaker playing music outside, which signals to visually impaired regulars that they've arri… https://t.co/7EuyA85UjK",Fri Dec 01 14:11:04 +0000 2017,83,0.2023,0.096,0.904,0.0
483,The New York Times,"Don Burke, a once-beloved Australian TV figure, has been accused of harassing, assaulting and bullying women https://t.co/fKSasDE6lq",Fri Dec 01 14:00:27 +0000 2017,84,-0.9169,0.0,0.482,0.518
484,The New York Times,"""I don't know what it is we're looking for, but we're more vigilant""  https://t.co/SgYdodgsfP",Fri Dec 01 13:50:04 +0000 2017,85,0.359,0.161,0.839,0.0
485,The New York Times,"Israel Horovitz's son: ""I believe the allegations against my father are true, and I stand behind the women that mad… https://t.co/vxiH7xIgz0",Fri Dec 01 13:40:05 +0000 2017,86,0.4215,0.128,0.872,0.0
486,The New York Times,"As Republicans mull changes to their tax plan, the spotlight will focus on several senators with varying concerns https://t.co/tFsPqTZAU8",Fri Dec 01 13:32:03 +0000 2017,87,0.0,0.0,1.0,0.0
487,The New York Times,"An Anglican cleric urged believers to pray for Prince George to find the love ""of a fine young gentleman"" when he g… https://t.co/nGrURmZwZp",Fri Dec 01 13:21:03 +0000 2017,88,0.8074,0.304,0.696,0.0
488,The New York Times,"The Pentagon will allow the U.S. military to arm itself with older cluster munitions, a weapon banned by 102 countr… https://t.co/a04Flg91oA",Fri Dec 01 13:10:06 +0000 2017,89,-0.5106,0.079,0.705,0.216
489,The New York Times,Morning Briefing: Here's what you need to know to start your day https://t.co/Wwe03IwD5z https://t.co/sKhPFZlGcO,Fri Dec 01 13:00:23 +0000 2017,90,0.0,0.0,1.0,0.0
490,The New York Times,What share of people with your income would see a tax cut or increase? Choose an income group to see. https://t.co/QSZxFXRHAV,Fri Dec 01 12:50:08 +0000 2017,91,0.34,0.191,0.72,0.089
491,The New York Times,Jimmy Kimmel lashed out at Roy Moore after the two tangled on Twitter. Late-night roundup: https://t.co/YQiDp4zBch [corrected typo],Fri Dec 01 12:40:07 +0000 2017,92,0.0,0.0,1.0,0.0
492,The New York Times,Trump's insistence on a 20% corporate tax rate is slowing negotiations for a final deal in the Senate https://t.co/NBY03HSheX,Fri Dec 01 12:30:24 +0000 2017,93,0.0,0.0,1.0,0.0
493,The New York Times,Trump pressed Senate Republicans over the summer to end the Intelligence Committee’s Russia inquiry “as quickly as… https://t.co/NcP5rfd64u,Fri Dec 01 12:10:05 +0000 2017,94,0.4767,0.154,0.846,0.0
494,The New York Times,The vote on the Republican tax bill was delayed after a report that the economics were off by a trillion dollars https://t.co/AECXjx79AY,Fri Dec 01 12:00:08 +0000 2017,95,-0.2263,0.0,0.909,0.091
495,The New York Times,"A preliminary deal between Russia and Egypt is the latest sign of the waning influence of the United States, analys… https://t.co/tR4QNRV1k0",Fri Dec 01 11:45:06 +0000 2017,96,0.4215,0.128,0.872,0.0
496,The New York Times,Morning Briefing: Here's what you need to know to start your day https://t.co/5GYktup6se https://t.co/YgHimXEEXp,Fri Dec 01 11:30:25 +0000 2017,97,0.0,0.0,1.0,0.0
497,The New York Times,A former U.S. Marine was sentenced to life in prison for the rape and murder of a 20-year-old Japanese woman https://t.co/xPo80ZDh37,Fri Dec 01 11:15:07 +0000 2017,98,-0.93,0.0,0.521,0.479
498,The New York Times,This baby hippo has spawned a frenzy that has people flying from all over to see her https://t.co/6y2hY3vHDB,Fri Dec 01 11:00:59 +0000 2017,99,-0.3182,0.0,0.874,0.126
499,The New York Times,"""Where is the line between culturally appropriate dress and cultural appropriation?"" fashion critic @VVFriedman asks https://t.co/8qZuCMXj0t",Fri Dec 01 10:44:03 +0000 2017,100,-0.2732,0.0,0.877,0.123
